,GP,MIN,PTS,FGM,3P Made,3P%,FT%,OREB,REB,AST,STL,BLK,TARGET_5Yrs
0,36,27.4,7.4,2.6,0.5,25.0,69.9,0.7,4.1,1.9,0.4,0.4,0.0
1,35,26.9,7.2,2.0,0.7,23.5,76.5,0.5,2.4,3.7,1.1,0.5,0.0
2,74,15.3,5.2,2.0,0.4,24.4,67.0,0.5,2.2,1.0,0.5,0.3,0.0
3,58,11.6,5.7,2.3,0.1,22.6,68.9,1.0,1.9,0.8,0.6,0.1,1.0
4,48,11.5,4.5,1.6,0.0,0.0,67.4,1.0,2.5,0.3,0.3,0.4,1.0
5,75,11.4,3.7,1.5,0.3,32.5,73.2,0.2,0.8,1.8,0.4,0.0,0.0
6,62,10.9,6.6,2.5,0.0,50.0,81.1,0.5,2.0,0.6,0.2,0.1,1.0
7,48,10.3,5.7,2.3,0.4,30.0,87.5,0.8,1.7,0.2,0.2,0.1,1.0
8,65,9.9,2.4,1.0,0.1,23.3,71.4,0.2,0.8,2.3,0.3,0.0,0.0
9,42,8.5,3.7,1.4,0.1,21.4,67.8,0.4,1.1,0.3,0.2,0.0,0.0
10,35,6.9,2.3,0.9,0.0,33.3,81.8,0.5,0.9,0.7,0.1,0.1,0.0
11,40,6.7,3.6,1.2,0.1,13.6,77.6,0.5,1.2,0.4,0.3,0.1,1.0
12,27,6.6,1.3,0.6,0.0,0.0,28.6,0.6,2.0,0.2,0.2,0.6,1.0
13,45,15.3,5.6,1.9,1.1,30.1,86.1,0.5,2.0,0.5,0.5,0.3,0.0
14,44,6.4,2.4,1.0,0.0,0.0,50.0,0.4,1.4,0.2,0.2,0.4,1.0
15,40,6.1,2.6,0.9,0.1,14.3,68.4,0.1,0.4,1.4,0.3,0.0,1.0
16,49,5.3,2.1,0.7,0.0,0.0,64.2,0.5,1.2,0.2,0.3,0.2,0.0
17,41,4.2,1.7,0.6,0.1,21.4,73.1,0.1,0.3,1.0,0.3,0.0,0.0
18,82,37.2,19.2,7.5,0.1,22.7,82.9,3.9,11.0,3.6,1.0,0.6,0.0
19,82,37.2,19.2,7.5,0.1,22.7,82.9,3.9,11.0,3.6,1.0,0.6,1.0
20,80,31.4,14.3,5.9,0.0,11.1,65.4,3.0,8.0,2.4,1.1,0.8,1.0
21,82,30.5,13.3,5.4,0.0,16.7,66.6,2.3,5.1,2.5,1.5,0.3,1.0
22,76,30.3,10.6,4.4,0.1,13.3,73.0,1.1,2.9,2.2,2.0,0.2,1.0
23,61,29.6,12.0,4.9,0.7,32.0,74.8,1.3,3.1,4.6,1.0,0.3,0.0
24,32,15.2,6.3,2.8,0.0,0.0,62.5,1.7,5.2,0.4,0.5,0.5,0.0
25,76,29.3,10.4,4.0,0.0,0.0,80.7,2.4,5.9,1.6,0.7,0.6,1.0
26,52,24.6,9.3,3.1,1.1,43.4,83.6,0.5,1.9,3.7,0.6,0.0,0.0
27,76,22.5,8.8,3.8,0.0,0.0,73.6,1.7,5.1,1.7,0.8,0.5,1.0
28,78,22.0,10.1,3.9,0.7,39.0,74.1,0.9,3.0,2.2,1.2,0.3,0.0
29,51,20.7,8.4,3.2,0.0,0.0,66.7,2.3,5.4,0.8,0.5,0.5,1.0
30,64,20.3,6.2,2.4,0.0,0.0,57.2,2.5,6.4,0.5,0.4,1.2,1.0
31,55,20.3,10.4,4.3,0.0,0.0,51.5,2.1,6.1,0.7,0.4,1.5,1.0
32,82,19.6,7.4,3.1,0.0,4.3,80.6,0.6,2.0,3.9,1.0,0.3,1.0
33,48,18.9,9.1,3.6,0.0,0.0,66.9,2.4,5.7,0.7,0.8,1.1,1.0
34,34,13.4,4.3,1.5,0.4,18.5,91.2,0.1,1.4,3.1,0.6,0.2,0.0
35,42,18.6,8.5,3.1,0.7,35.7,83.3,0.7,2.0,1.1,0.8,0.1,1.0
36,82,18.4,5.5,2.0,0.1,14.5,74.1,0.4,1.7,3.8,0.7,0.1,1.0
37,64,17.0,7.0,2.9,0.0,23.1,74.5,0.6,2.0,3.2,1.1,0.1,1.0
38,80,16.9,7.4,3.0,0.0,0.0,69.1,1.3,4.2,0.4,0.6,0.8,1.0
39,77,15.1,5.6,2.3,0.0,21.4,81.0,1.4,3.8,0.4,0.3,0.6,1.0
40,55,14.9,4.1,1.7,0.1,37.5,76.1,0.5,1.5,1.5,0.7,0.2,0.0
41,48,14.8,5.1,2.1,0.0,9.5,80.4,0.6,1.7,2.1,0.9,0.0,0.0
42,51,14.5,5.0,1.5,0.2,27.0,87.5,0.4,1.5,2.8,0.9,0.0,0.0
43,51,13.2,3.9,1.6,0.2,36.7,76.9,0.6,2.1,0.8,0.3,0.2,0.0
44,72,12.4,4.6,1.6,0.0,0.0,80.3,0.4,1.3,1.9,0.6,0.1,1.0
45,69,11.8,3.6,1.6,0.0,100.0,82.1,1.1,2.7,0.6,0.5,0.3,1.0
46,54,11.3,5.7,2.2,0.0,0.0,66.1,1.4,3.4,0.3,0.6,0.7,1.0
47,24,10.6,4.1,1.3,0.6,36.6,66.7,0.1,0.7,1.5,0.7,0.1,0.0
48,50,9.6,4.1,1.5,0.1,19.2,75.4,0.4,1.1,1.8,0.6,0.1,1.0
49,56,9.6,3.4,1.4,0.0,0.0,65.5,0.5,1.2,1.1,0.6,0.2,1.0
50,67,9.0,3.7,1.4,0.4,29.2,75.6,0.1,0.7,1.4,0.4,0.1,0.0
51,50,8.7,2.5,1.0,0.0,14.3,65.9,0.3,0.8,1.6,0.7,0.1,1.0
52,45,8.5,2.7,1.1,0.0,0.0,75.0,0.7,1.5,0.3,0.2,0.2,1.0
53,38,8.2,3.4,1.4,0.2,22.2,82.6,0.3,0.9,0.7,0.3,0.1,0.0
54,42,8.2,2.8,1.0,0.0,0.0,52.5,0.9,1.9,0.3,0.1,0.1,0.0
55,54,8.2,3.2,1.3,0.1,18.8,74.4,0.7,1.3,0.6,0.2,0.1,0.0
56,35,7.3,4.0,1.8,0.1,20.0,53.6,0.6,1.2,0.6,0.4,0.2,0.0
57,37,7.3,2.8,1.2,0.1,18.2,81.0,0.4,1.1,0.3,0.2,0.1,0.0
58,46,6.7,2.6,1.1,0.2,27.0,52.6,0.4,0.8,0.5,0.2,0.0,0.0
59,51,6.4,2.2,0.8,0.3,43.3,83.3,0.3,0.8,0.3,0.1,0.0,0.0
60,40,5.3,2.2,0.7,0.0,0.0,75.6,0.5,1.2,0.3,0.1,0.1,0.0
61,19,4.8,1.6,0.7,0.0,0.0,37.5,0.6,1.0,0.4,0.3,0.2,0.0
62,36,4.3,1.3,0.5,0.1,11.8,66.7,0.2,0.6,0.6,0.1,0.0,0.0
63,79,37.7,18.0,6.9,0.0,27.3,73.6,2.4,8.8,4.0,1.4,1.1,1.0
64,55,13.1,3.4,1.2,0.4,20.4,74.5,0.4,1.2,0.5,0.7,0.1,0.0
65,74,35.2,18.4,6.9,0.2,34.2,73.1,3.6,10.3,2.2,1.0,1.3,1.0
66,64,33.5,14.3,4.6,1.1,36.5,77.0,0.8,2.8,4.0,1.3,0.2,0.0
67,82,28.5,15.7,6.1,1.5,37.4,75.0,0.8,2.9,1.6,0.8,0.3,1.0
68,82,27.4,7.2,3.2,0.0,7.7,71.1,1.3,3.0,6.4,2.0,0.2,1.0
69,81,25.9,7.1,2.4,0.0,0.0,72.2,3.4,7.9,0.3,0.6,1.5,1.0
70,76,25.4,12.0,4.5,0.1,13.3,78.2,1.5,3.4,1.4,0.9,0.3,1.0
72,82,23.7,8.7,3.5,0.1,20.6,87.3,0.5,2.2,4.2,1.0,0.2,1.0
74,49,9.2,1.9,0.7,0.1,21.4,64.9,0.2,0.8,1.7,0.5,0.1,1.0
75,82,23.7,11.0,4.6,0.0,14.3,83.5,1.3,3.2,3.7,1.3,0.5,1.0
76,76,22.6,6.9,2.8,0.0,0.0,63.6,1.9,5.1,0.9,0.6,1.9,1.0
77,67,22.5,14.1,6.2,0.4,24.0,85.7,0.5,1.8,3.1,0.8,0.1,1.0
78,70,20.6,8.8,3.6,0.0,9.7,70.7,0.9,2.1,2.5,0.4,0.2,0.0
79,81,20.5,8.6,3.4,0.3,29.9,81.6,1.2,3.5,1.8,0.5,0.3,1.0
80,33,19.5,7.2,2.4,0.1,40.0,84.3,1.4,3.3,1.4,0.6,0.3,1.0
81,58,19.3,5.3,2.0,0.0,0.0,55.0,2.3,5.6,0.4,0.6,1.2,0.0
82,70,16.9,7.2,3.0,0.1,25.0,79.6,0.5,1.7,1.3,0.3,0.1,0.0
83,82,16.5,4.9,2.0,0.1,17.6,74.7,0.7,1.9,2.8,0.8,0.1,1.0
84,62,16.2,6.9,2.6,0.3,29.2,77.3,0.7,1.9,1.2,0.5,0.1,0.0
85,78,16.1,6.2,2.6,0.0,0.0,67.2,1.5,4.3,0.4,0.2,0.3,0.0
86,73,16.1,5.5,2.4,0.0,0.0,66.2,1.7,4.8,0.5,0.3,0.3,1.0
87,74,16.1,5.3,2.0,0.0,0.0,63.2,2.1,5.2,0.3,0.5,0.4,1.0
88,76,15.4,6.7,2.8,0.2,29.8,63.0,1.5,2.9,0.8,0.6,0.3,0.0
89,55,14.9,5.7,2.4,0.0,0.0,71.2,1.5,4.2,0.6,0.6,0.5,1.0
90,47,14.3,5.6,2.3,0.0,18.2,58.8,0.4,1.5,2.8,0.7,0.2,0.0
91,37,13.6,8.1,3.0,0.6,40.0,72.2,0.7,2.1,0.9,0.4,0.1,1.0
92,62,13.3,4.3,1.7,0.0,0.0,64.4,0.8,2.7,0.6,0.2,0.2,0.0
93,62,12.5,3.9,1.4,0.1,16.1,80.5,0.3,1.0,1.3,0.5,0.1,0.0
94,51,11.9,6.9,2.9,0.0,11.8,68.4,1.1,2.0,0.8,0.6,0.2,0.0
95,36,11.8,3.9,1.7,0.0,0.0,55.6,0.8,1.4,1.0,0.4,0.0,1.0
96,74,11.6,3.1,1.3,0.0,25.0,65.2,0.8,1.9,0.7,0.5,0.2,1.0
97,63,11.6,8.2,3.2,0.0,16.7,66.3,1.2,2.4,0.6,0.3,0.1,1.0
98,33,10.8,2.2,0.9,0.1,27.3,64.3,0.2,2.2,0.8,0.5,0.2,0.0
99,54,11.2,4.4,1.8,0.0,0.0,68.9,1.0,2.8,0.7,0.2,0.4,1.0
100,73,11.0,3.8,1.5,0.1,27.8,73.2,0.2,1.1,1.2,0.5,0.1,0.0
101,15,10.9,3.6,1.3,0.0,0.0,66.7,0.8,3.0,0.2,0.3,0.3,0.0
102,64,10.9,3.7,1.5,0.0,0.0,70.2,0.4,1.1,2.1,0.4,0.2,1.0
103,56,10.6,3.4,1.4,0.0,0.0,80.0,0.3,0.8,1.9,0.5,0.1,0.0
104,64,10.6,3.2,1.2,0.0,0.0,69.6,0.4,1.2,1.0,0.3,0.1,0.0
105,68,10.1,3.1,1.2,0.3,33.3,90.5,0.2,0.8,1.9,0.5,0.0,1.0
106,47,10.0,2.9,1.1,0.3,37.5,75.8,0.7,1.4,0.7,0.3,0.0,0.0
107,52,9.8,3.5,1.4,0.0,50.0,66.1,0.8,2.1,0.3,0.2,0.1,1.0
108,64,9.5,3.7,1.5,0.1,40.0,77.8,0.5,1.0,0.4,0.3,0.2,0.0
109,34,10.8,2.9,1.3,0.0,0.0,44.4,0.8,1.9,0.5,0.1,0.1,0.0
110,42,9.5,3.8,1.6,0.0,0.0,55.0,0.7,2.9,0.4,0.1,0.7,1.0
111,50,9.3,4.5,1.9,0.1,15.8,84.8,0.4,1.3,0.7,0.2,0.0,1.0
112,52,7.3,2.8,1.1,0.0,0.0,65.3,0.8,1.8,0.2,0.2,0.7,1.0
113,75,7.0,2.9,1.2,0.0,0.0,68.0,0.7,1.7,0.4,0.1,0.4,0.0
114,39,6.8,2.2,0.9,0.2,24.0,48.0,0.8,1.7,0.5,0.4,0.3,1.0
115,51,6.6,2.5,1.0,0.0,50.0,71.4,0.8,1.9,0.3,0.2,0.3,1.0
116,52,6.2,1.3,0.5,0.0,0.0,54.5,0.8,1.5,0.1,0.1,0.1,0.0
117,39,5.8,1.5,0.5,0.0,0.0,90.5,0.5,1.2,0.2,0.1,0.1,1.0
118,82,36.6,24.3,8.4,0.0,0.0,73.2,3.7,12.0,2.0,1.7,3.9,1.0
119,31,10.7,3.4,1.2,0.5,25.8,55.2,0.3,1.4,0.4,0.3,0.1,0.0
120,79,33.7,14.7,5.9,0.3,27.4,76.4,0.7,3.9,8.7,2.1,0.1,0.0
121,79,33.7,14.7,5.9,0.3,27.4,76.4,0.7,3.9,8.7,2.1,0.1,1.0
122,82,33.6,11.1,4.4,0.0,0.0,66.4,2.4,8.4,1.2,1.1,0.7,1.0
123,82,31.5,11.4,5.2,0.3,27.7,58.9,0.7,2.6,6.8,1.6,0.3,1.0
124,81,30.5,14.3,5.7,0.1,16.1,68.7,0.9,2.5,7.6,1.8,0.1,1.0
125,80,30.2,12.7,4.7,0.0,0.0,76.8,2.3,5.8,1.1,0.8,0.7,1.0
126,77,30.0,13.6,6.1,0.2,24.6,73.4,1.3,4.6,1.8,0.9,0.3,1.0
127,77,30.0,13.6,6.1,0.2,24.6,73.4,1.3,4.6,1.8,0.9,0.3,0.0
128,50,25.3,10.1,4.2,0.4,22.5,77.8,0.8,2.8,4.2,1.6,0.3,1.0
129,81,25.1,10.0,3.8,0.0,11.1,86.6,1.6,3.7,1.9,0.6,0.2,1.0
130,82,23.0,8.9,3.5,0.1,30.0,71.9,0.8,3.1,1.8,0.9,0.4,1.0
131,50,10.6,3.7,1.5,0.0,13.3,57.4,0.9,2.9,0.3,0.2,0.4,0.0
132,81,22.0,11.5,4.6,0.0,5.9,70.5,1.3,3.9,1.5,0.8,0.4,1.0
133,82,21.7,8.9,3.3,0.0,0.0,72.7,2.1,4.7,1.1,0.5,0.7,1.0
134,81,20.1,9.7,3.7,1.2,39.9,80.9,0.4,1.6,2.5,0.7,0.0,1.0
135,69,19.6,6.3,2.5,0.0,13.3,70.5,1.1,2.3,0.6,0.6,0.2,0.0
136,82,19.1,9.1,3.6,0.1,27.3,55.0,1.3,3.8,0.9,0.7,0.7,1.0
137,55,18.0,6.1,2.5,0.0,0.0,66.7,1.5,3.4,1.0,0.4,0.2,0.0
138,75,17.9,7.3,2.8,0.0,0.0,76.2,1.1,3.1,0.7,0.4,0.3,1.0
139,72,17.0,8.7,3.2,0.0,0.0,72.2,2.6,5.0,0.6,0.3,0.2,0.0
140,79,16.8,8.0,3.2,0.0,0.0,74.7,0.6,1.9,1.5,0.7,0.2,1.0
141,25,10.4,3.3,1.2,0.2,38.5,69.2,1.1,3.4,0.2,0.2,0.4,0.0
142,81,15.9,5.6,2.3,0.0,50.0,88.5,0.2,1.3,2.5,0.6,0.1,1.0
143,63,14.0,4.7,1.9,0.0,0.0,62.1,1.5,3.6,0.4,0.4,0.4,1.0
144,81,13.8,6.5,2.5,0.0,16.7,73.6,1.8,4.3,0.3,0.6,0.9,1.0
145,61,13.2,5.3,2.1,0.0,0.0,64.3,1.0,2.8,0.8,0.2,0.2,1.0
146,43,13.0,4.6,2.0,0.1,14.3,68.0,0.2,1.2,1.9,0.3,0.1,0.0
147,55,12.9,4.3,1.7,0.0,7.1,56.2,1.4,3.1,0.4,0.4,0.1,1.0
148,59,12.4,4.1,1.6,0.0,25.0,67.1,0.7,2.1,0.6,0.6,0.2,0.0
149,66,11.3,5.9,1.8,0.0,0.0,77.7,1.0,2.1,0.7,0.5,0.1,1.0
150,70,34.5,16.7,6.1,0.8,26.4,70.3,1.4,6.2,6.3,1.9,0.6,0.0
151,77,11.0,3.5,1.4,0.2,28.6,66.0,0.2,0.7,2.3,0.3,0.0,0.0
152,37,10.9,3.9,1.3,0.2,23.3,69.4,0.2,0.9,1.8,0.5,0.1,0.0
153,67,10.1,3.1,1.2,0.0,18.8,66.1,0.2,0.9,2.5,0.5,0.0,1.0
154,42,9.8,1.9,0.9,0.0,0.0,50.0,1.0,2.9,0.5,0.2,0.3,0.0
155,50,9.8,5.2,1.9,0.1,35.7,67.0,0.6,1.5,0.9,0.6,0.0,0.0
157,65,9.5,5.0,2.1,0.0,7.1,82.8,0.6,1.5,1.2,0.1,0.0,1.0
159,82,21.2,6.9,2.7,0.0,0.0,48.5,2.1,5.9,0.8,0.7,0.6,1.0
160,44,9.4,2.7,1.0,0.3,32.5,78.9,0.3,1.0,1.0,0.4,0.1,1.0
161,36,8.8,4.3,1.6,0.0,0.0,61.5,0.6,1.4,0.6,0.5,0.2,0.0
164,60,8.7,2.9,1.0,0.0,0.0,69.7,0.2,1.2,1.7,0.6,0.1,0.0
167,71,30.4,16.3,6.1,0.0,0.0,72.5,2.4,6.5,1.5,1.0,1.3,0.0
170,34,8.6,3.5,1.4,0.4,31.9,54.5,0.4,0.8,0.6,0.3,0.2,0.0
171,45,8.3,4.5,1.8,0.0,0.0,60.9,1.3,2.4,0.4,0.2,0.1,0.0
172,70,32.3,12.8,4.9,1.6,33.0,90.3,0.5,3.0,5.7,0.6,0.1,0.0
173,57,7.7,2.0,0.7,0.1,25.0,61.5,0.4,1.2,0.4,0.3,0.1,0.0
174,52,7.3,2.6,1.0,0.1,27.3,81.3,0.5,1.3,0.3,0.2,0.1,1.0
175,51,6.5,1.9,0.8,0.0,0.0,46.4,0.7,2.1,0.1,0.2,0.3,1.0
176,35,6.2,3.3,1.3,0.1,40.0,88.9,0.3,0.7,0.3,0.2,0.2,0.0
177,48,5.7,1.1,0.4,0.0,16.7,76.5,0.2,0.6,1.3,0.3,0.0,0.0
178,21,4.9,0.7,0.3,0.0,0.0,50.0,0.2,1.1,0.1,0.1,0.3,0.0
179,36,4.3,2.0,0.6,0.1,28.6,80.0,0.2,0.6,0.3,0.1,0.0,0.0
180,21,4.1,2.2,0.9,0.0,25.0,69.2,0.6,1.1,0.0,0.1,0.4,0.0
181,79,34.4,22.0,8.2,0.4,36.7,81.0,2.0,5.9,4.2,1.0,0.2,1.0
182,81,33.8,18.6,7.9,0.0,19.0,77.5,1.9,5.1,4.6,1.9,0.8,1.0
183,80,31.1,13.8,4.9,0.9,32.7,78.0,0.5,4.1,4.1,1.6,0.5,0.0
184,79,32.6,15.1,5.6,0.9,42.8,83.1,0.6,2.8,3.0,1.5,0.5,1.0
185,79,29.7,13.8,5.9,0.1,27.0,74.6,1.1,3.3,4.4,1.8,0.3,1.0
186,82,29.7,11.9,4.1,0.0,0.0,74.9,2.9,6.7,1.8,1.5,0.6,1.0
187,75,29.6,16.9,7.0,0.8,31.4,79.5,1.0,2.5,2.3,0.9,0.3,1.0
188,82,28.1,8.6,3.6,0.0,0.0,82.6,1.5,4.6,5.8,0.9,0.3,1.0
189,76,27.6,14.1,5.4,0.8,36.6,71.7,2.5,5.2,1.6,1.3,0.8,1.0
190,71,27.1,11.9,5.1,0.1,22.7,73.5,1.1,3.4,7.1,2.0,0.1,1.0
191,79,26.1,11.7,4.5,0.4,24.8,74.5,0.6,2.6,3.8,1.1,0.1,1.0
192,82,26.7,8.8,3.1,1.2,32.0,80.4,0.6,2.9,1.0,0.6,0.2,0.0
193,54,25.1,8.6,3.4,0.5,32.9,61.4,1.1,3.9,2.4,1.2,0.3,1.0
194,55,22.2,8.0,3.0,0.0,25.0,67.3,2.1,5.2,2.1,0.7,0.5,0.0
195,64,22.0,11.0,4.0,1.0,40.6,78.9,0.9,3.1,1.3,0.6,0.3,0.0
196,71,21.1,6.4,2.5,0.0,0.0,80.3,0.5,2.2,3.4,1.1,0.1,0.0
197,36,20.3,5.7,2.0,0.0,14.3,69.5,1.2,2.5,4.3,1.2,0.1,0.0
198,65,18.5,7.4,2.9,0.0,0.0,57.1,1.8,4.5,1.0,1.0,0.3,0.0
199,80,19.5,7.1,3.0,0.1,30.0,85.0,0.6,2.1,2.6,0.8,0.2,1.0
200,32,19.3,6.8,3.1,0.1,20.0,69.2,0.3,1.5,3.7,0.8,0.1,0.0
201,81,19.0,9.3,3.4,0.1,20.8,78.3,1.4,3.2,1.0,0.6,0.1,0.0
202,80,18.2,11.5,4.0,0.1,22.5,78.6,1.3,2.3,1.5,0.5,0.1,1.0
203,71,16.8,5.6,2.5,0.0,0.0,59.6,1.1,2.3,1.1,0.5,0.4,1.0
204,81,16.8,8.9,3.3,0.2,32.2,74.5,0.6,2.0,3.9,1.2,0.0,1.0
205,82,16.7,5.2,1.9,0.7,35.9,88.4,0.2,1.1,3.7,0.8,0.0,1.0
206,24,14.7,5.1,1.8,0.0,0.0,57.8,0.8,2.1,0.9,0.7,0.1,0.0
207,65,14.5,5.5,1.9,0.0,0.0,68.9,1.5,3.6,0.3,0.2,0.2,0.0
208,56,14.3,5.0,2.1,0.0,0.0,58.0,1.2,3.2,0.6,0.4,0.1,1.0
209,36,7.0,1.6,0.7,0.0,0.0,69.2,0.7,1.9,0.2,0.1,0.1,1.0
210,51,13.4,4.8,1.8,0.0,0.0,72.5,0.6,2.2,0.8,0.4,0.3,0.0
211,75,10.4,4.3,1.6,0.0,0.0,69.9,0.6,2.7,0.2,0.1,0.3,1.0
212,54,10.2,4.8,2.0,0.0,0.0,38.4,1.6,3.7,1.1,0.4,0.1,1.0
213,62,9.9,4.1,1.7,0.0,25.0,61.5,1.0,2.1,0.3,0.3,0.5,1.0
214,82,9.5,1.7,0.5,0.0,7.1,78.1,0.3,1.1,2.6,0.3,0.1,1.0
215,53,9.4,2.2,0.8,0.2,29.4,60.9,0.1,0.5,2.2,0.5,0.1,0.0
216,47,9.4,2.9,1.0,0.0,16.7,83.3,0.3,0.9,2.3,0.5,0.2,0.0
217,36,8.8,4.1,1.4,0.3,38.5,65.4,0.4,1.1,0.8,0.6,0.1,1.0
218,62,8.5,2.6,1.0,0.0,0.0,65.0,0.9,2.4,0.1,0.3,0.8,1.0
219,37,8.3,3.5,1.4,0.0,0.0,67.4,0.5,1.3,0.5,0.5,0.2,0.0
220,60,8.1,3.1,1.4,0.0,0.0,50.0,0.8,2.6,0.4,0.3,0.3,1.0
221,51,8.0,2.2,0.9,0.1,25.0,81.3,0.3,0.9,1.5,0.5,0.1,1.0
222,42,7.9,4.0,1.8,0.0,10.0,69.0,0.5,1.3,0.5,0.3,0.1,1.0
223,33,7.8,3.8,1.5,0.0,10.0,82.4,0.5,1.1,0.4,0.4,0.1,1.0
225,57,10.0,3.3,1.0,0.1,30.8,63.8,1.0,2.2,0.8,0.7,0.4,1.0
227,24,17.4,5.3,2.1,0.4,24.4,60.0,0.3,1.8,0.8,1.0,0.4,0.0
228,77,22.6,6.0,2.2,0.9,40.1,71.2,0.9,3.2,0.9,0.7,0.2,0.0
229,72,7.3,2.5,0.8,0.0,0.0,73.8,0.7,1.3,0.6,0.3,0.0,0.0
230,49,7.3,2.6,1.0,0.0,22.2,66.0,0.2,0.6,1.4,0.3,0.1,1.0
231,46,6.8,3.3,1.4,0.0,40.0,70.6,0.6,1.1,0.4,0.3,0.1,0.0
232,43,6.8,1.6,0.7,0.0,11.1,56.3,0.3,0.6,1.7,0.5,0.1,1.0
233,35,6.0,1.9,0.7,0.1,20.0,77.3,0.3,0.7,1.1,0.3,0.1,0.0
234,51,5.7,2.2,0.7,0.0,0.0,78.3,0.4,1.4,0.2,0.2,0.0,1.0
235,41,5.6,2.4,0.9,0.0,0.0,68.2,0.5,1.0,0.2,0.2,0.1,1.0
236,82,39.6,13.6,5.3,0.4,25.4,77.4,1.5,4.8,10.6,2.5,0.1,1.0
237,61,35.6,13.8,5.4,0.2,30.8,81.9,0.7,2.3,7.1,1.5,0.1,1.0
238,58,22.6,7.2,2.9,0.3,29.0,65.6,0.6,2.6,3.2,0.6,0.3,0.0
239,55,32.9,14.8,6.2,0.0,0.0,67.9,2.4,7.9,1.3,1.1,0.5,1.0
240,67,31.7,12.4,5.1,0.2,33.3,87.9,1.0,3.4,6.4,1.7,0.1,1.0
241,42,27.1,7.6,3.2,0.1,20.0,83.3,1.2,4.5,2.3,0.9,0.4,1.0
242,35,24.5,10.4,4.3,0.4,22.4,72.7,1.6,3.4,1.7,0.8,0.6,1.0
244,82,24.2,11.7,4.6,0.0,20.0,60.4,2.0,6.3,1.0,0.7,1.5,1.0
245,80,24.0,9.2,3.4,0.1,20.8,83.9,0.5,2.4,5.5,1.3,0.3,1.0
246,81,22.6,7.7,3.1,0.0,0.0,62.6,1.9,5.5,1.1,0.6,0.7,1.0
247,82,22.4,10.0,3.7,0.7,35.5,80.1,1.2,2.3,1.6,0.7,0.2,1.0
248,61,22.4,9.6,3.6,0.2,26.7,74.0,1.0,2.3,1.9,0.9,0.4,1.0
249,66,21.7,8.6,3.7,0.0,0.0,51.2,1.5,4.0,1.2,0.7,0.5,1.0
250,59,22.2,8.0,2.7,0.8,33.8,81.5,0.7,3.7,1.6,0.5,0.8,0.0
251,79,20.9,7.9,3.3,0.1,17.4,57.6,1.5,3.8,2.1,1.1,0.7,1.0
252,82,20.8,8.5,3.1,0.1,36.7,77.2,1.4,4.0,1.3,0.8,0.8,1.0
253,79,20.6,5.0,2.1,0.0,18.8,78.4,0.4,1.7,5.1,1.6,0.0,1.0
254,78,20.5,8.1,3.1,0.0,0.0,72.5,1.2,4.2,1.4,0.7,0.3,1.0
255,24,17.5,5.2,1.8,0.4,38.5,72.5,0.1,1.1,2.9,1.0,0.1,0.0
256,39,16.5,5.7,2.2,0.0,0.0,87.1,1.5,4.5,0.8,0.3,0.1,1.0
257,75,15.0,5.6,2.1,0.0,0.0,70.7,0.7,2.9,0.9,0.5,0.9,0.0
258,79,14.6,3.6,1.4,0.0,0.0,64.0,1.3,3.4,0.5,0.4,0.3,1.0
259,58,13.1,2.7,1.1,0.1,24.0,71.9,0.3,1.0,3.1,0.3,0.1,0.0
260,49,11.9,5.3,2.3,0.0,0.0,72.2,0.2,0.6,1.2,0.4,0.0,0.0
261,70,10.3,4.2,1.7,0.0,23.1,80.6,0.7,2.0,0.7,0.3,0.6,1.0
262,40,9.5,3.8,1.6,0.1,20.0,89.7,0.1,0.7,1.5,0.1,0.1,0.0
263,55,9.3,3.1,1.2,0.0,0.0,56.3,1.3,2.6,0.4,0.2,0.3,1.0
264,59,8.7,2.5,1.1,0.0,0.0,73.5,0.3,0.7,1.7,0.6,0.0,0.0
265,44,8.3,2.4,1.0,0.0,0.0,81.0,0.1,0.6,2.0,0.4,0.0,0.0
266,49,8.3,4.5,1.8,0.0,0.0,70.2,0.6,1.3,0.5,0.3,0.3,1.0
267,44,7.6,1.1,0.5,0.0,0.0,44.4,0.5,1.9,0.4,0.2,0.3,0.0
268,41,6.6,1.9,0.7,0.0,0.0,66.7,0.6,1.7,0.5,0.1,0.3,0.0
269,36,6.3,1.3,0.5,0.1,28.6,61.5,0.1,0.4,0.6,0.2,0.0,1.0
270,45,19.9,6.2,2.5,0.5,37.3,74.4,0.4,1.8,2.7,0.5,0.2,0.0
271,50,6.2,1.7,0.5,0.0,0.0,60.4,0.3,1.0,0.3,0.3,0.1,0.0
272,82,37.4,22.9,9.0,0.2,21.3,68.4,2.1,4.8,4.8,2.5,1.0,1.0
273,82,36.0,18.8,7.7,0.6,35.5,74.7,2.0,8.3,3.6,1.1,0.2,1.0
274,80,33.9,14.6,5.4,0.0,0.0,74.5,2.8,7.9,1.9,0.7,2.1,1.0
275,80,33.7,15.7,6.1,0.0,0.0,69.6,1.9,8.1,3.8,0.6,0.8,1.0
276,71,27.8,5.3,2.0,0.0,0.0,61.7,1.4,4.7,8.2,1.8,0.6,1.0
277,68,25.3,10.4,4.2,0.0,0.0,75.7,1.7,5.0,1.1,0.7,0.7,1.0
278,63,25.2,15.9,6.5,0.0,0.0,64.9,2.2,4.9,1.7,0.6,0.6,0.0
279,78,22.7,9.2,3.6,0.1,22.2,64.6,1.7,4.7,2.4,1.6,0.4,1.0
280,80,19.8,5.9,2.3,0.7,31.9,77.0,0.5,2.0,0.7,0.9,0.1,0.0
281,80,21.9,8.5,3.5,0.0,20.0,72.8,1.9,4.7,1.3,0.6,0.8,1.0
282,77,20.9,8.8,3.4,0.2,25.0,74.1,0.9,2.0,2.0,1.2,0.3,1.0
283,81,20.8,10.3,4.1,0.2,29.8,80.1,0.7,2.1,3.6,0.8,0.0,1.0
284,50,19.6,6.7,2.8,0.0,0.0,58.1,1.6,4.9,1.1,0.4,0.7,1.0
285,80,19.5,5.3,2.0,0.2,27.9,77.7,0.5,2.3,4.5,0.9,0.1,1.0
286,75,18.7,7.5,3.1,0.0,33.3,67.6,2.4,7.1,0.7,0.8,1.1,1.0
287,67,18.2,6.9,2.6,0.3,32.9,83.3,0.5,1.7,3.0,0.6,0.1,1.0
288,82,17.8,5.3,2.0,0.0,0.0,61.4,1.3,3.6,0.7,0.5,1.5,1.0
289,64,17.3,7.9,3.4,0.0,22.2,66.3,1.1,3.3,1.2,0.3,0.4,1.0
290,68,15.1,6.6,2.7,0.0,0.0,72.7,1.5,4.2,0.5,0.5,0.5,1.0
291,77,15.0,6.5,2.8,0.0,0.0,58.7,2.1,4.3,0.7,0.5,0.6,1.0
292,68,14.8,6.6,2.5,0.0,8.3,74.3,1.1,3.5,1.3,0.3,0.2,1.0
293,77,14.3,5.2,1.9,0.0,0.0,63.2,1.1,3.5,0.5,0.3,0.4,1.0
294,66,14.2,4.4,1.5,0.0,0.0,69.3,1.1,2.9,0.8,0.6,0.2,1.0
295,67,13.6,4.6,2.0,0.1,25.0,72.9,1.0,2.6,1.8,0.6,0.3,0.0
296,65,13.5,5.4,2.0,0.0,0.0,68.7,1.2,3.4,0.4,0.3,0.3,1.0
297,65,13.2,5.0,2.0,0.1,35.0,76.9,0.6,1.6,1.1,0.7,0.3,0.0
298,62,13.2,4.2,1.7,0.0,0.0,63.9,1.1,3.5,0.4,0.3,0.1,1.0
299,64,13.1,5.5,2.1,0.1,23.5,70.1,0.7,1.7,1.3,0.4,0.1,0.0
300,59,12.9,5.6,2.4,0.0,0.0,64.9,1.2,2.9,1.0,0.3,0.5,1.0
301,70,18.2,7.4,2.8,0.0,0.0,62.6,1.4,4.4,0.9,0.7,0.8,0.0
302,62,11.5,5.8,2.4,0.3,32.0,79.7,0.7,1.7,0.7,0.4,0.1,1.0
303,35,11.0,3.8,1.6,0.0,0.0,35.3,1.0,2.9,0.5,0.2,0.2,0.0
304,42,11.0,3.3,1.4,0.1,33.3,75.0,0.3,0.8,1.0,0.6,0.1,0.0
305,59,10.7,5.0,1.9,0.0,4.5,86.8,0.6,1.2,0.5,0.3,0.1,1.0
306,45,10.4,4.2,2.0,0.0,0.0,60.0,0.7,1.7,0.6,0.2,0.2,0.0
307,67,9.5,4.9,2.1,0.3,28.3,78.9,0.4,1.2,0.9,0.4,0.1,1.0
308,60,8.7,3.8,1.6,0.0,0.0,69.0,0.6,1.5,0.7,0.3,0.3,1.0
309,41,8.3,3.1,1.2,0.0,0.0,75.0,0.6,1.4,1.1,0.3,0.0,0.0
310,62,8.0,3.7,1.4,0.0,0.0,74.6,0.6,1.9,0.4,0.1,0.1,1.0
311,43,6.7,3.4,1.2,0.1,20.0,63.6,0.3,1.0,0.8,0.3,0.1,0.0
312,53,10.1,2.1,0.8,0.0,0.0,60.8,0.7,2.2,0.3,0.1,0.6,0.0
313,54,6.0,2.3,0.9,0.2,31.0,63.0,0.1,0.6,0.6,0.2,0.0,0.0
314,50,35.4,20.0,7.7,0.0,0.0,73.9,2.5,9.0,2.0,1.1,2.1,0.0
315,82,33.0,17.1,7.0,0.0,20.0,68.7,3.7,8.0,2.4,1.2,0.5,1.0
316,81,30.6,14.9,6.2,0.0,0.0,48.1,2.1,8.9,2.9,1.3,0.5,1.0
317,81,28.1,14.7,6.4,0.0,0.0,68.4,2.4,7.2,1.0,0.4,0.5,1.0
318,79,26.4,11.1,4.1,0.0,33.3,74.6,2.0,7.6,1.0,0.8,2.6,1.0
319,55,25.3,14.0,5.2,0.1,18.5,89.6,0.8,2.1,1.9,1.3,0.4,1.0
320,81,25.0,12.5,5.4,0.1,28.0,55.7,1.1,2.6,2.0,0.8,0.1,1.0
321,82,23.9,9.4,3.5,0.1,31.3,79.8,0.7,1.5,4.8,0.8,0.1,1.0
322,82,17.3,6.0,2.1,0.0,0.0,73.0,1.4,4.3,1.1,0.5,0.5,0.0
323,77,23.0,9.6,3.6,0.0,0.0,66.2,3.3,8.6,1.7,0.9,0.4,1.0
324,82,20.7,8.3,3.2,0.0,0.0,60.7,2.1,5.7,0.7,0.5,0.8,1.0
325,58,20.6,7.4,3.1,0.0,22.2,78.1,2.0,6.1,1.2,0.5,0.6,0.0
326,80,20.0,8.5,3.2,0.0,0.0,67.3,1.2,3.9,1.1,0.9,0.5,1.0
327,82,18.8,6.4,2.5,0.0,16.7,61.1,2.0,4.6,0.7,0.6,0.6,1.0
328,71,18.6,4.7,1.8,0.0,0.0,53.1,1.6,4.1,0.6,0.4,0.1,1.0
329,64,17.1,7.7,3.2,0.0,0.0,64.7,1.7,4.3,0.3,0.5,0.1,1.0
330,79,15.6,7.8,2.5,0.0,18.2,78.5,0.3,1.6,4.3,1.0,0.1,1.0
331,79,15.4,7.1,2.7,0.2,31.0,80.6,0.4,1.5,2.5,1.0,0.0,1.0
332,34,17.1,7.0,2.7,0.6,31.0,59.6,1.1,3.3,0.5,0.5,0.5,0.0
333,71,16.5,4.9,2.0,0.3,31.1,61.1,0.3,1.9,2.9,0.9,0.1,0.0
334,78,15.0,4.7,1.8,0.0,9.1,61.9,1.2,3.1,1.1,1.0,0.8,0.0
335,76,14.9,5.5,2.2,0.1,27.0,78.5,0.6,1.7,3.5,0.9,0.0,0.0
336,80,14.8,5.2,2.0,0.0,0.0,72.3,1.4,4.7,0.6,0.3,0.4,1.0
337,68,12.7,5.2,2.2,0.0,17.6,58.3,0.7,1.7,0.9,0.4,0.1,0.0
338,64,12.7,4.1,1.8,0.0,0.0,43.5,1.4,3.8,0.3,0.2,0.3,0.0
340,53,10.8,2.8,1.3,0.0,0.0,42.5,0.9,2.8,0.3,0.4,0.4,0.0
341,66,10.5,5.0,2.2,0.0,0.0,85.2,0.6,1.5,0.8,0.3,0.1,0.0
342,77,16.0,4.5,1.7,0.7,32.0,75.6,0.2,1.6,0.9,0.4,0.2,0.0
343,45,10.4,3.7,1.7,0.1,20.0,60.0,0.1,1.0,1.8,0.4,0.1,0.0
344,45,10.2,3.5,1.5,0.0,11.1,51.4,0.3,0.7,1.5,0.8,0.1,0.0
345,64,10.0,4.3,1.6,0.0,0.0,72.8,0.2,1.0,1.2,0.4,0.1,1.0
346,55,9.2,3.7,1.3,0.0,50.0,55.8,0.7,1.5,1.6,0.8,0.3,1.0
347,57,8.5,4.5,1.8,0.0,20.0,92.6,0.4,1.0,0.9,0.4,0.1,1.0
348,36,7.6,3.4,1.4,0.0,0.0,66.7,0.4,1.1,0.2,0.1,0.2,0.0
349,57,7.6,3.2,1.0,0.0,25.0,92.9,0.2,0.8,1.2,0.3,0.1,1.0
350,48,6.9,3.2,1.3,0.0,0.0,79.5,0.8,2.0,0.3,0.1,0.2,1.0
351,75,15.1,2.8,1.0,0.4,26.4,64.4,0.3,1.4,3.2,0.9,0.1,0.0
352,82,38.3,28.2,10.2,0.1,17.3,84.5,2.0,6.5,5.9,2.4,0.8,1.0
353,80,31.1,14.1,5.4,0.0,0.0,76.7,1.9,4.0,3.1,1.2,0.1,1.0
354,76,29.2,10.0,3.9,0.0,0.0,71.1,2.7,8.6,2.8,0.7,2.7,1.0
355,82,28.6,14.0,5.2,0.0,16.7,73.3,3.2,8.6,1.9,1.2,1.0,1.0
356,82,28.3,11.0,4.2,0.1,25.0,82.0,2.3,7.4,1.6,0.8,0.8,1.0
357,80,25.8,8.8,3.5,0.1,20.0,82.9,0.4,2.1,4.4,1.3,0.1,1.0
358,79,24.7,10.6,4.6,0.0,0.0,78.4,2.0,5.7,0.5,0.5,1.1,1.0
359,82,23.4,12.8,5.0,0.0,0.0,62.0,2.3,6.8,1.4,0.4,0.5,1.0
360,82,21.8,9.3,3.9,0.0,22.2,65.7,2.2,6.4,0.4,0.4,0.6,1.0
361,75,21.5,7.1,2.9,0.0,0.0,73.7,1.7,5.2,0.7,0.6,0.4,1.0
362,79,21.3,9.2,3.8,0.1,36.4,73.4,1.5,3.4,3.5,1.6,0.3,1.0
363,78,20.3,9.3,3.4,0.0,0.0,71.5,1.9,5.1,1.0,0.2,0.4,1.0
364,78,20.1,8.4,3.0,0.0,0.0,64.8,1.8,5.1,1.6,0.6,0.8,1.0
367,29,16.4,3.7,1.3,0.7,31.1,50.0,0.3,1.4,1.4,0.6,0.2,1.0
370,72,19.8,5.8,2.4,0.0,0.0,85.9,1.2,3.0,1.5,0.4,0.1,1.0
371,82,19.3,6.6,2.6,0.0,0.0,67.8,1.8,3.5,1.9,0.7,0.1,1.0
372,62,19.3,8.0,3.2,0.0,33.3,78.9,1.3,3.7,1.3,0.5,1.3,1.0
373,78,18.7,7.1,2.8,0.3,35.1,75.4,0.5,1.9,3.1,1.0,0.1,1.0
374,75,18.7,6.8,2.8,0.0,0.0,47.4,1.4,4.4,0.5,0.5,0.5,1.0
375,82,18.2,5.6,1.9,0.0,18.2,73.6,0.3,1.3,5.1,1.3,0.1,1.0
376,74,17.3,7.1,2.8,0.1,16.0,81.0,0.5,1.5,1.7,0.6,0.2,0.0
377,74,17.0,4.4,1.8,0.0,18.8,71.1,0.5,1.8,2.9,1.0,0.2,0.0
378,54,17.0,5.5,2.1,0.0,0.0,54.1,1.6,4.9,0.3,0.4,0.3,1.0
379,74,15.1,5.1,2.2,0.0,0.0,73.3,1.2,3.6,0.5,0.2,0.2,0.0
380,36,14.4,5.8,2.3,0.0,50.0,82.0,1.1,2.4,0.9,0.3,0.2,1.0
381,78,14.3,4.9,1.9,0.0,0.0,66.9,1.0,3.3,1.3,0.4,0.2,1.0
382,67,13.3,3.7,1.6,0.0,0.0,39.8,1.0,3.6,0.8,0.5,0.8,0.0
383,59,12.8,5.1,1.9,0.0,0.0,70.6,0.8,2.1,1.4,0.3,0.2,0.0
384,77,12.4,6.1,2.3,0.0,0.0,64.6,1.2,2.7,0.8,0.6,0.4,1.0
385,53,12.3,1.5,0.5,0.0,0.0,56.4,1.0,3.1,0.4,0.2,0.8,0.0
386,60,11.9,3.2,1.2,0.0,0.0,75.8,0.7,2.5,0.5,0.2,0.5,1.0
387,56,11.2,5.6,2.3,0.0,0.0,80.0,0.7,1.6,0.4,0.5,0.1,1.0
388,63,10.8,4.1,1.7,0.0,22.2,75.5,0.4,1.0,1.4,0.5,0.1,0.0
389,66,10.6,3.8,1.4,0.0,25.0,70.7,0.8,2.0,0.4,0.2,0.2,0.0
390,51,10.5,3.8,1.6,0.0,0.0,75.0,0.8,1.6,0.7,0.2,0.2,0.0
391,60,9.2,3.4,1.5,0.0,0.0,50.9,0.7,1.6,0.4,0.4,0.1,0.0
392,59,9.1,3.3,1.3,0.0,0.0,76.5,0.6,1.3,0.9,0.5,0.2,1.0
393,51,9.0,4.5,1.8,0.0,0.0,64.2,0.6,1.4,0.3,0.2,0.3,0.0
394,47,8.9,4.2,1.5,0.0,0.0,68.8,0.2,0.6,0.4,0.5,0.1,0.0
395,38,7.1,3.2,1.3,0.1,13.3,69.2,0.1,0.5,1.2,0.2,0.0,1.0
396,43,7.1,2.1,0.9,0.0,0.0,52.0,0.6,1.4,0.6,0.2,0.1,0.0
397,39,6.9,1.3,0.5,0.0,0.0,50.0,0.5,1.9,0.3,0.2,0.3,0.0
398,39,6.0,3.3,1.3,0.1,36.4,67.7,0.4,0.9,0.7,0.1,0.1,0.0
399,38,4.7,1.8,0.7,0.0,0.0,88.2,0.2,0.6,0.7,0.1,0.0,1.0
400,82,32.8,21.0,8.7,0.0,25.0,66.1,3.6,11.1,2.0,0.8,2.4,1.0
401,81,30.0,12.0,4.8,0.0,18.8,75.3,1.4,6.9,2.1,0.9,0.8,1.0
402,80,27.0,8.4,3.3,0.0,0.0,73.0,0.8,2.5,8.3,1.5,0.2,1.0
403,79,26.3,10.8,4.2,0.0,25.0,73.1,2.2,5.7,2.2,0.7,0.7,1.0
404,52,12.8,4.2,1.5,0.3,24.5,63.8,0.9,3.0,0.3,0.4,0.1,1.0
405,82,25.9,12.4,4.9,0.1,24.1,74.2,1.7,4.0,2.3,1.3,0.1,1.0
406,81,24.8,8.5,3.7,0.0,0.0,75.2,1.4,5.7,1.6,0.5,1.5,1.0
407,81,24.4,12.1,5.0,0.3,32.4,82.6,0.7,1.9,1.9,0.3,0.2,1.0
408,81,23.9,9.3,3.1,0.0,16.7,78.5,0.9,2.7,3.9,1.6,0.4,1.0
409,80,23.2,5.5,2.3,0.0,0.0,59.0,2.2,6.2,0.9,0.4,1.8,1.0
410,74,22.1,10.6,4.5,0.1,23.5,80.6,0.7,2.2,2.4,1.1,0.3,1.0
411,82,21.1,9.0,3.8,0.1,23.1,77.2,1.5,3.8,1.5,0.8,0.5,0.0
412,82,20.9,5.7,2.4,0.0,11.5,67.3,0.6,2.1,2.9,1.2,0.3,1.0
413,79,19.4,7.3,2.7,0.0,25.0,83.7,1.3,3.8,1.2,0.7,0.5,1.0
414,80,17.8,8.3,3.3,0.3,26.2,78.7,0.5,1.5,2.2,0.7,0.1,0.0
415,31,12.6,3.1,1.2,0.0,0.0,65.6,1.2,4.1,0.2,0.2,0.7,0.0
416,73,17.6,6.9,3.0,0.1,24.3,88.9,0.3,1.2,3.3,0.4,0.0,1.0
417,82,17.2,7.7,3.1,0.0,25.0,72.8,1.4,2.9,1.9,1.3,0.3,1.0
418,72,16.9,6.3,2.6,0.0,9.1,72.7,0.8,2.1,1.8,0.8,0.1,0.0
419,82,16.1,7.9,2.6,0.0,26.7,79.1,0.9,2.0,3.5,1.6,0.2,1.0
420,78,15.9,4.2,1.4,0.0,11.1,77.7,0.4,1.6,3.4,1.2,0.1,0.0
421,67,15.8,8.2,3.4,0.2,41.4,71.9,1.6,3.7,0.8,0.6,0.1,1.0
422,75,15.7,6.1,2.4,0.0,0.0,71.4,1.2,2.5,2.3,0.5,0.2,1.0
423,78,13.7,4.5,2.1,0.0,40.0,60.9,0.2,0.9,0.9,0.2,0.0,1.0
424,49,13.6,5.2,2.0,0.0,0.0,71.4,1.2,3.6,0.5,0.4,0.3,1.0
425,78,13.3,3.6,1.6,0.0,0.0,60.8,0.8,2.9,0.8,0.3,1.1,1.0
426,38,12.5,5.3,1.9,0.8,37.5,67.6,0.2,1.3,0.7,0.4,0.1,0.0
427,55,12.5,6.2,2.6,0.1,26.3,77.0,0.7,1.6,1.3,0.3,0.1,0.0
428,40,11.7,6.5,2.7,0.0,0.0,85.1,0.5,1.2,1.2,0.5,0.0,0.0
429,47,11.1,2.7,1.0,0.0,0.0,70.0,1.0,2.4,0.9,0.2,0.4,0.0
430,45,10.3,3.3,1.4,0.0,12.5,82.1,0.4,0.9,0.9,0.3,0.0,1.0
431,49,9.3,2.9,1.2,0.1,18.2,61.5,0.1,0.7,3.0,0.2,0.0,1.0
432,48,9.3,4.5,1.7,0.0,0.0,61.5,0.4,1.2,0.8,0.5,0.4,0.0
433,39,8.5,3.1,1.3,0.0,0.0,53.8,1.0,2.9,0.5,0.5,0.3,0.0
434,57,8.3,2.9,1.2,0.0,0.0,69.6,0.8,1.9,0.3,0.2,0.7,1.0
435,57,8.2,2.1,0.9,0.1,23.1,78.3,0.4,1.0,0.8,0.4,0.0,1.0
436,33,16.9,4.1,1.5,0.3,29.0,62.5,0.4,2.2,2.4,1.0,0.3,0.0
437,53,12.4,3.4,1.3,0.6,36.0,93.8,0.7,2.5,0.4,0.3,0.0,0.0
438,15,7.9,1.9,0.7,0.0,0.0,66.7,0.5,1.5,0.5,0.1,0.1,0.0
439,45,7.9,3.7,1.4,0.0,0.0,41.8,0.8,1.8,0.5,0.3,0.2,0.0
440,55,7.6,2.7,1.2,0.0,0.0,64.3,0.2,0.9,0.8,0.3,0.1,1.0
441,35,5.6,1.9,0.9,0.0,0.0,31.3,0.8,1.8,0.2,0.0,0.1,1.0
442,70,36.2,23.7,9.8,0.0,0.0,70.9,4.3,10.6,2.5,1.8,0.9,1.0
443,81,34.1,20.1,8.4,0.0,22.2,74.1,4.2,10.6,2.8,1.7,0.5,1.0
444,76,27.4,15.1,6.2,0.1,20.0,73.0,1.1,3.4,3.7,0.9,0.1,1.0
445,82,26.8,10.3,3.8,0.2,31.7,79.2,1.9,4.5,2.1,0.8,0.8,1.0
446,76,26.6,9.9,4.2,0.3,22.2,72.3,0.7,1.6,3.6,1.1,0.1,1.0
447,58,11.8,3.3,1.2,0.0,0.0,71.2,0.8,2.6,0.4,0.3,0.9,0.0
448,77,25.6,13.4,5.8,0.0,25.0,62.4,2.0,5.2,1.7,1.2,0.8,1.0
449,78,23.5,8.4,3.8,0.2,46.7,67.2,1.0,2.8,2.5,0.7,0.1,1.0
450,73,23.4,10.4,4.5,0.1,34.5,69.6,1.0,2.7,2.1,0.7,0.3,1.0
451,80,20.2,5.1,2.0,0.0,0.0,69.0,1.5,4.1,1.0,0.4,0.6,1.0
452,82,20.0,4.4,1.8,0.0,0.0,61.4,2.1,5.9,0.8,0.8,0.1,1.0
453,74,19.5,7.0,2.6,0.0,13.3,75.3,0.5,1.8,4.9,1.2,0.2,0.0
454,82,19.4,9.3,3.4,0.0,12.5,81.0,0.4,1.5,2.6,0.6,0.0,0.0
455,79,19.3,6.7,2.7,0.0,11.1,59.7,1.1,3.6,2.6,1.3,0.6,1.0
456,51,11.3,2.8,1.1,0.0,20.0,64.2,0.7,2.1,0.5,0.5,0.2,0.0
457,75,18.9,4.9,1.9,0.0,0.0,69.9,0.9,2.9,3.4,1.6,0.1,1.0
458,81,18.9,4.3,1.8,0.0,0.0,65.6,1.1,5.7,1.4,0.3,3.4,1.0
459,75,18.8,6.3,2.3,0.0,0.0,74.1,1.9,5.4,1.4,0.6,0.9,0.0
460,44,17.6,3.6,1.5,0.0,0.0,65.2,0.6,1.8,2.5,0.9,0.3,0.0
461,77,19.6,6.1,2.2,0.7,34.4,72.8,0.7,1.9,0.8,0.6,0.2,0.0
462,43,16.9,4.0,1.5,0.0,0.0,73.7,0.3,1.6,2.9,0.5,0.2,0.0
463,76,16.4,8.1,3.0,0.1,40.0,83.3,0.7,1.8,1.8,0.8,0.2,1.0
464,78,16.3,5.2,2.2,0.1,36.8,69.6,1.4,3.5,1.5,0.7,0.3,1.0
465,77,15.9,6.2,2.7,0.0,25.0,73.5,1.2,3.3,0.8,0.3,0.3,0.0
466,68,14.6,5.7,2.4,0.0,0.0,76.2,0.3,1.4,2.5,0.8,0.1,1.0
467,52,10.3,3.7,1.5,0.1,13.9,67.3,0.5,1.7,0.4,0.4,0.2,0.0
468,62,14.2,5.6,2.1,0.0,0.0,57.1,1.7,3.7,0.8,0.4,0.6,1.0
469,71,13.9,5.4,2.1,0.0,0.0,65.0,1.9,5.3,0.5,0.6,0.9,1.0
470,53,13.2,4.9,2.1,0.0,0.0,77.4,1.3,3.4,0.9,0.4,0.2,0.0
471,44,11.8,2.8,1.0,0.0,0.0,78.3,0.9,2.7,0.8,0.3,0.2,0.0
472,68,11.1,2.7,1.0,0.0,11.1,81.0,0.3,1.1,1.9,0.2,0.0,0.0
473,68,11.1,2.7,1.0,0.0,11.1,81.0,0.3,1.1,1.9,0.2,0.0,1.0
474,49,10.6,4.0,1.5,0.0,14.3,57.7,0.6,1.5,0.7,0.4,0.1,1.0
475,54,10.3,3.3,1.6,0.0,0.0,47.1,0.8,2.2,0.5,0.3,0.2,0.0
476,52,10.1,3.2,1.5,0.0,0.0,57.1,0.8,2.5,0.3,0.1,0.6,0.0
477,62,9.8,4.0,1.4,0.0,14.3,76.0,0.4,1.2,1.1,0.4,0.1,1.0
478,65,9.6,5.0,2.0,0.0,0.0,64.2,0.7,1.6,0.5,0.3,0.0,1.0
479,40,10.0,1.9,0.8,0.1,15.4,70.0,0.9,2.4,0.4,0.5,0.3,0.0
480,55,9.4,4.5,1.9,0.2,36.0,73.7,0.5,1.2,0.6,0.3,0.1,0.0
481,48,8.7,3.2,1.2,0.0,0.0,67.8,0.6,1.6,0.6,0.3,0.2,0.0
482,23,8.3,1.3,0.5,0.0,0.0,45.0,0.7,2.0,0.5,0.1,0.3,0.0
483,63,8.2,3.6,1.4,0.1,22.0,64.4,0.5,1.1,0.8,0.6,0.1,0.0
484,44,7.9,3.3,1.3,0.0,0.0,66.0,0.3,0.9,0.8,0.5,0.1,0.0
485,54,6.8,1.5,0.7,0.0,0.0,31.3,0.8,1.9,0.2,0.1,0.3,1.0
486,39,6.8,2.2,0.8,0.0,14.3,56.3,0.4,0.9,0.4,0.2,0.1,1.0
487,36,5.1,2.2,0.8,0.0,0.0,44.4,0.9,2.1,0.2,0.1,0.1,1.0
488,31,4.5,1.2,0.4,0.0,0.0,55.0,0.5,1.3,0.1,0.2,0.0,1.0
489,35,4.2,2.9,1.0,0.0,9.1,66.7,0.2,0.5,0.6,0.1,0.1,0.0
490,82,37.5,21.6,7.8,0.1,22.7,79.7,2.7,5.4,3.3,1.1,0.2,1.0
491,82,34.5,15.5,6.3,0.0,0.0,62.4,4.2,12.3,1.3,1.0,1.0,1.0
492,72,33.8,17.0,6.3,0.2,28.8,70.4,0.8,2.9,7.8,2.1,0.2,1.0
493,81,33.1,17.2,6.8,0.0,0.0,62.0,2.6,6.9,1.8,0.7,0.6,1.0
494,81,32.4,21.4,8.9,0.0,25.0,71.6,2.2,7.0,2.2,1.1,0.3,1.0
495,51,28.8,18.7,7.5,0.5,35.2,68.0,1.7,4.9,3.2,0.7,0.4,1.0
496,82,27.8,11.5,5.0,0.0,28.6,67.0,2.1,7.4,1.7,0.7,2.2,1.0
497,82,27.0,14.4,5.1,0.0,33.3,75.2,3.1,9.3,1.6,0.5,0.7,1.0
498,79,25.7,10.7,4.3,0.2,21.5,75.0,0.4,1.9,4.8,1.0,0.1,1.0
499,80,25.0,8.3,3.5,0.0,0.0,70.3,1.8,3.8,2.4,0.9,0.0,1.0
500,78,22.3,12.8,5.1,0.0,0.0,64.2,1.9,5.9,1.2,0.5,1.1,1.0
501,76,22.3,12.1,5.1,0.0,23.1,77.8,1.4,4.1,1.9,0.8,0.5,1.0
502,80,21.3,9.6,3.9,0.0,0.0,68.4,2.0,5.1,1.8,0.7,0.2,1.0
503,74,20.5,9.3,4.0,0.0,9.1,66.4,1.7,4.4,1.5,0.7,0.2,1.0
505,82,19.8,7.9,3.1,0.0,0.0,75.7,1.6,5.2,1.8,0.6,0.9,1.0
506,79,19.2,7.0,2.7,0.0,0.0,77.5,1.4,3.3,0.6,0.5,0.3,0.0
507,59,18.2,6.1,2.6,0.0,0.0,55.1,1.5,5.2,0.6,0.8,1.3,0.0
508,64,17.7,4.6,1.8,0.0,0.0,50.4,1.8,5.4,0.9,0.9,1.2,1.0
509,63,17.2,5.3,2.2,0.0,0.0,58.3,1.5,4.7,1.0,0.3,1.3,1.0
510,71,17.0,4.9,2.1,0.0,0.0,70.8,1.5,3.6,0.7,0.6,0.3,1.0
511,82,16.9,6.4,2.3,0.0,0.0,76.0,0.6,1.8,3.3,1.1,0.0,1.0
512,63,16.3,6.3,2.6,0.1,28.1,72.6,1.0,1.9,2.5,0.8,0.2,0.0
513,64,16.1,7.0,2.8,0.3,30.5,65.7,0.4,1.4,2.3,0.8,0.1,0.0
514,71,16.0,6.9,2.9,0.0,0.0,72.0,1.0,2.7,1.2,0.5,0.4,0.0
515,75,15.8,7.3,2.7,0.0,0.0,69.9,1.1,3.0,1.1,0.3,0.3,1.0
516,80,14.8,4.5,1.9,0.0,0.0,52.0,1.4,4.8,1.1,0.2,1.5,1.0
517,80,14.8,6.6,2.8,0.0,0.0,64.1,1.2,3.2,1.0,0.5,0.9,1.0
518,77,14.0,4.9,1.9,0.0,0.0,60.1,0.9,2.6,0.7,0.4,0.3,1.0
519,49,13.0,3.9,1.6,0.0,0.0,59.4,0.8,1.6,0.8,0.4,0.0,0.0
520,24,9.3,2.3,0.8,0.3,28.0,73.3,0.1,0.6,1.4,0.4,0.0,0.0
521,72,11.9,2.9,1.2,0.0,0.0,45.9,1.0,2.5,0.6,0.3,0.7,0.0
522,54,11.4,4.6,1.9,0.0,0.0,82.0,0.4,1.2,0.5,0.3,0.0,1.0
523,49,11.1,4.6,2.1,0.1,22.2,64.3,0.3,0.8,1.4,0.5,0.0,0.0
524,46,10.7,2.9,1.1,0.0,50.0,82.5,0.6,1.3,0.8,0.4,0.1,0.0
525,54,10.6,3.8,1.6,0.0,0.0,81.1,1.0,2.5,0.6,0.2,0.2,0.0
526,53,10.6,4.1,1.5,0.1,29.4,86.2,0.5,1.1,1.6,0.7,0.1,1.0
527,39,9.0,4.9,2.1,0.0,0.0,58.5,0.9,1.3,0.4,0.5,0.1,1.0
528,43,8.6,3.4,1.3,0.0,66.7,50.7,0.3,0.7,1.3,0.4,0.1,0.0
529,39,8.5,3.5,1.4,0.0,0.0,60.4,0.8,1.7,0.3,0.3,0.1,0.0
530,43,9.2,2.7,1.0,0.5,30.1,77.8,0.3,1.3,0.3,0.2,0.0,0.0
531,42,8.1,3.4,1.3,0.0,0.0,65.4,0.5,1.5,0.2,0.2,0.1,0.0
532,42,6.9,3.6,1.5,0.0,0.0,74.1,0.2,0.6,1.1,0.4,0.1,1.0
533,49,6.9,3.1,1.2,0.0,0.0,73.2,0.4,1.5,0.1,0.1,0.0,0.0
534,51,6.6,3.0,1.1,0.0,0.0,67.7,0.2,0.7,0.4,0.3,0.1,0.0
535,36,6.6,1.9,0.8,0.0,0.0,64.7,0.5,0.8,0.4,0.3,0.1,1.0
536,82,35.6,18.9,7.5,0.0,0.0,71.6,3.3,9.3,1.4,0.6,1.5,1.0
537,81,35.4,20.6,8.8,0.1,19.2,71.6,1.0,3.6,2.4,1.3,0.5,1.0
538,82,31.4,9.6,3.7,0.0,0.0,58.8,5.3,12.1,1.1,0.8,0.8,1.0
539,79,31.3,11.0,4.6,0.1,27.8,63.7,2.3,6.1,3.2,1.1,0.3,1.0
540,80,30.4,15.2,6.6,0.0,9.7,74.9,0.5,2.4,6.9,1.1,0.1,1.0
541,33,16.4,5.3,2.0,0.2,17.4,86.0,0.2,1.6,2.8,0.4,0.0,0.0
542,37,8.6,2.1,0.9,0.1,19.0,66.7,0.6,1.5,0.3,0.2,0.0,0.0
543,81,30.4,9.8,4.2,0.0,0.0,76.5,3.3,8.6,2.7,0.7,1.0,1.0
544,82,30.2,14.7,6.0,0.0,0.0,70.6,2.6,5.4,2.5,1.2,0.4,1.0
545,56,28.2,13.2,5.2,0.0,0.0,76.7,2.4,7.5,1.3,1.0,1.8,1.0
546,81,24.4,11.2,4.7,0.1,24.0,73.3,1.2,2.9,3.7,1.7,0.4,1.0
547,75,23.6,12.9,5.3,0.1,31.0,71.2,0.4,1.9,3.6,0.8,0.1,1.0
548,68,23.5,8.4,3.3,0.0,0.0,69.9,1.8,6.7,1.5,0.5,0.3,0.0
549,70,23.4,6.1,2.7,0.0,33.3,80.6,1.2,3.8,1.9,0.7,0.1,0.0
550,81,22.8,11.5,4.4,0.0,0.0,77.6,1.6,3.3,2.3,1.3,0.3,1.0
551,82,21.8,10.5,4.2,0.0,0.0,80.7,2.1,4.4,1.6,0.7,0.3,1.0
552,79,21.7,10.2,4.3,0.0,0.0,66.3,1.7,4.5,1.0,0.6,0.6,0.0
553,76,20.8,6.6,2.6,0.1,23.5,79.7,0.3,1.6,3.3,1.2,0.1,1.0
554,76,20.8,6.6,2.6,0.1,23.5,79.7,0.3,1.6,3.3,1.2,0.1,0.0
555,82,20.1,10.0,4.3,0.0,0.0,67.9,1.9,4.4,0.7,0.3,1.8,1.0
556,71,19.8,7.0,3.0,0.1,14.8,75.0,0.6,2.4,3.2,0.9,0.2,0.0
557,81,19.7,7.9,2.9,0.0,0.0,72.9,1.4,3.6,1.4,0.6,0.3,0.0
558,82,19.2,7.4,3.0,0.0,5.3,61.0,0.7,2.4,4.5,1.5,0.3,1.0
559,56,18.9,4.7,2.1,0.0,0.0,67.5,1.1,4.9,0.7,0.6,0.8,1.0
560,82,17.9,8.1,3.3,0.1,23.5,89.9,0.5,1.6,2.0,0.9,0.1,1.0
561,74,17.0,5.4,1.9,0.0,20.0,79.3,0.9,2.1,1.5,0.8,0.3,1.0
562,28,8.1,1.7,0.6,0.3,30.4,85.7,0.3,1.5,0.4,0.2,0.1,0.0
563,60,15.8,8.7,3.2,0.0,0.0,67.0,1.5,4.4,0.7,0.6,1.4,1.0
564,64,14.8,3.7,1.5,0.0,0.0,75.0,0.3,1.8,1.8,0.9,0.1,0.0
565,68,14.4,5.3,1.9,0.0,0.0,59.4,1.6,4.5,0.6,0.1,1.1,1.0
566,65,11.6,3.9,1.5,0.2,32.6,72.9,0.5,2.0,0.7,0.3,0.7,1.0
567,53,13.7,4.1,1.6,0.0,33.3,68.3,0.2,1.1,2.6,0.5,0.1,1.0
568,52,13.4,4.8,2.1,0.0,0.0,67.5,1.3,4.1,0.5,0.4,0.8,1.0
569,45,12.9,4.0,1.8,0.0,0.0,76.2,1.2,3.7,0.5,0.2,0.3,1.0
570,54,12.4,5.6,2.1,0.1,30.0,73.7,0.6,1.2,1.0,0.4,0.0,1.0
571,81,11.7,4.7,2.0,0.0,20.0,76.6,0.4,1.2,0.9,0.4,0.1,1.0
572,40,11.5,1.8,0.8,0.0,0.0,55.6,0.2,0.9,1.4,0.5,0.1,0.0
573,48,11.3,4.1,1.8,0.0,0.0,69.0,0.8,2.0,0.6,0.5,0.3,0.0
574,37,7.8,3.9,1.5,0.1,27.3,65.0,0.6,1.4,0.2,0.2,0.0,0.0
575,44,11.0,4.9,2.1,0.0,16.7,66.7,1.1,3.0,0.2,0.3,0.1,0.0
576,55,10.7,4.3,1.8,0.0,0.0,60.3,1.1,2.5,0.5,0.3,0.1,0.0
577,52,10.2,4.2,1.8,0.0,0.0,51.6,1.0,3.0,0.5,0.4,0.4,1.0
578,59,10.1,3.2,1.4,0.0,0.0,56.4,0.5,1.0,1.2,0.6,0.1,0.0
579,47,9.6,2.0,0.7,0.0,0.0,78.1,0.2,0.9,1.5,0.5,0.0,1.0
580,60,8.9,2.8,1.0,0.0,0.0,73.9,0.5,1.2,1.3,0.4,0.0,0.0
581,55,8.4,2.7,1.0,0.0,0.0,43.5,0.5,1.7,0.3,0.4,0.4,0.0
582,44,5.3,2.6,1.1,0.0,50.0,45.9,0.6,1.3,0.3,0.2,0.0,0.0
583,51,7.3,2.7,1.1,0.1,41.7,59.0,0.3,0.9,1.0,0.4,0.0,0.0
584,31,6.4,2.3,0.7,0.3,29.0,75.0,0.4,1.2,0.3,0.1,0.1,0.0
585,82,38.6,19.0,6.7,2.3,36.8,84.4,0.5,3.1,6.5,0.9,0.2,1.0
586,56,31.2,13.9,5.0,1.6,38.6,78.6,0.8,3.8,2.4,0.9,0.5,1.0
587,33,15.6,3.0,1.3,0.2,16.7,52.9,0.4,1.4,2.5,0.4,0.1,0.0
588,64,28.8,13.5,5.5,0.0,0.0,75.1,2.6,8.2,1.0,1.2,1.8,1.0
589,61,28.8,14.7,5.5,1.0,31.0,74.6,0.4,2.4,3.0,1.0,0.3,1.0
590,82,28.0,8.8,3.4,0.9,35.0,80.6,1.3,4.0,0.9,0.7,0.5,1.0
591,77,26.4,7.9,3.2,0.0,0.0,76.4,2.1,5.7,1.2,0.5,0.9,1.0
592,76,26.0,8.2,3.4,0.4,27.4,57.0,1.6,4.4,0.7,1.2,0.8,1.0
593,78,26.0,9.0,3.6,0.0,22.2,74.9,1.7,5.8,1.5,0.7,0.9,1.0
594,81,25.4,9.2,3.4,0.6,35.9,75.8,0.7,4.1,1.2,0.6,0.2,1.0
595,61,23.2,6.2,2.4,0.5,32.6,54.6,0.3,1.8,2.1,0.4,0.1,1.0
596,12,15.5,4.7,1.6,0.8,32.3,66.7,0.3,2.6,1.3,0.9,0.2,0.0
597,60,20.7,7.9,3.5,0.0,50.0,37.1,2.8,7.6,0.5,1.0,1.6,1.0
598,45,19.8,6.0,2.5,0.0,20.0,74.6,2.0,5.9,0.8,0.5,0.5,0.0
599,69,17.5,5.5,2.2,0.0,42.9,80.9,1.2,3.7,0.5,0.2,0.6,1.0
600,41,17.4,5.6,1.9,0.9,37.5,82.9,1.1,2.7,2.9,0.9,0.5,1.0
601,78,17.3,5.0,1.8,0.8,32.8,64.4,0.4,2.4,1.2,0.8,0.2,1.0
602,78,17.0,7.1,2.7,0.8,38.6,90.9,0.2,1.2,2.8,0.5,0.0,1.0
603,73,17.0,6.4,2.5,0.9,33.2,71.4,0.5,2.0,0.7,0.6,0.2,1.0
604,56,15.4,8.7,3.3,1.1,42.1,75.9,0.6,2.1,0.5,0.3,0.2,0.0
605,70,15.1,4.8,2.0,0.0,0.0,52.3,1.7,4.5,0.7,0.6,0.4,1.0
606,61,14.8,6.1,2.1,0.9,38.4,84.3,0.3,1.5,0.9,0.2,0.2,1.0
607,48,14.6,3.0,1.2,0.5,31.5,57.1,0.1,0.9,3.0,0.5,0.1,0.0
608,79,13.4,2.9,1.1,0.2,20.9,81.8,0.7,3.3,0.7,0.5,0.3,1.0
609,52,13.3,2.3,0.8,0.4,39.3,100.0,0.2,1.5,0.8,0.3,0.2,0.0
610,63,13.1,6.0,2.6,0.0,0.0,53.3,1.8,4.7,0.5,0.3,0.7,1.0
611,11,13.7,4.8,1.5,0.3,20.0,88.9,0.2,0.9,0.8,0.5,0.1,0.0
612,63,12.7,3.7,1.5,0.1,25.7,66.7,0.3,1.7,0.3,0.3,0.3,0.0
613,47,12.3,3.3,1.3,0.3,37.8,58.8,0.2,1.0,0.7,0.3,0.0,0.0
614,73,12.2,4.0,1.6,0.1,13.8,76.9,0.5,2.0,0.8,0.5,0.1,1.0
615,51,12.1,4.0,1.4,0.7,38.3,71.9,0.4,2.2,0.9,0.2,0.2,0.0
616,47,11.5,3.7,1.7,0.0,0.0,64.3,1.6,3.1,0.2,0.4,0.2,0.0
617,57,11.2,4.1,1.8,0.0,0.0,66.7,1.1,3.7,0.9,0.2,0.5,1.0
618,46,9.9,2.8,1.2,0.0,0.0,61.0,1.1,2.8,0.1,0.3,0.8,0.0
619,41,9.9,2.9,1.0,0.3,28.0,72.4,0.2,0.9,0.6,0.4,0.1,0.0
620,30,25.7,5.8,2.1,0.8,32.5,72.4,1.5,3.5,1.5,0.7,0.3,0.0
621,40,9.4,4.6,1.8,0.0,0.0,76.8,1.0,2.8,0.3,0.1,0.1,1.0
622,48,8.2,2.1,0.9,0.1,17.4,56.3,0.1,0.9,1.3,0.2,0.1,0.0
623,35,7.8,2.6,0.9,0.1,25.0,72.4,0.4,0.8,1.2,0.2,0.1,0.0
624,27,7.5,2.8,1.0,0.3,22.6,89.5,0.0,0.3,1.0,0.2,0.0,0.0
625,23,6.4,3.1,1.0,0.4,30.0,100.0,0.2,0.8,0.2,0.1,0.1,1.0
626,66,32.3,12.8,4.8,1.6,38.0,75.9,0.5,3.2,3.8,0.7,0.1,1.0
627,56,29.4,12.6,4.9,0.8,31.3,76.4,1.3,3.6,2.3,0.9,0.3,0.0
628,59,28.9,9.5,3.6,0.8,30.6,79.8,0.7,3.2,2.8,1.7,0.1,1.0
629,63,28.6,9.5,3.9,1.0,33.7,55.1,1.4,4.8,2.1,1.2,0.5,1.0
630,66,27.2,12.1,4.3,1.0,30.5,78.9,0.5,3.5,4.4,0.9,0.3,1.0
631,65,25.5,11.5,3.9,1.3,37.9,83.2,0.7,2.6,4.1,0.8,0.1,1.0
632,66,24.4,12.5,4.8,1.7,41.4,86.8,0.4,2.4,2.0,0.7,0.3,1.0
633,64,24.0,7.9,3.1,0.6,37.6,77.3,1.6,5.1,1.1,1.3,0.4,1.0
634,22,13.5,3.5,1.2,0.1,11.1,82.1,0.3,1.5,2.1,0.6,0.3,0.0
635,46,22.5,10.2,3.9,0.0,0.0,66.5,3.1,7.7,0.8,0.7,1.0,1.0
636,66,21.7,4.6,1.8,0.7,34.6,68.2,0.7,3.5,0.7,1.1,0.5,0.0
637,66,21.5,8.8,3.1,0.6,26.8,69.7,1.2,4.7,0.6,0.5,0.5,1.0
638,33,20.3,5.5,2.4,0.1,8.0,76.7,0.5,2.0,3.2,0.4,0.1,1.0
639,63,19.5,7.4,2.8,0.7,34.7,71.7,1.1,4.4,1.0,0.7,0.7,1.0
640,65,19.4,6.8,2.7,0.3,27.6,77.6,0.3,1.4,2.0,0.7,0.0,1.0
641,61,18.6,7.6,2.8,1.3,36.1,83.3,0.3,1.2,1.8,0.5,0.1,1.0
642,51,17.5,5.8,2.5,0.1,15.0,87.2,0.2,1.3,3.3,0.7,0.1,0.0
643,34,13.4,4.9,1.9,0.4,31.6,63.2,0.6,1.8,0.6,0.3,0.3,0.0
644,56,16.7,6.4,2.5,0.0,33.3,72.0,1.2,4.0,0.6,0.8,0.3,0.0
645,59,15.9,7.2,2.6,0.3,33.3,72.7,1.0,2.2,0.9,0.5,0.1,1.0
646,41,15.2,4.1,1.9,0.0,0.0,78.6,1.1,4.2,0.8,0.3,0.4,1.0
647,42,15.0,4.0,1.4,0.0,0.0,83.9,1.2,3.0,0.3,0.2,0.2,1.0
648,43,14.8,4.6,1.8,0.0,0.0,65.2,1.5,3.6,0.3,0.5,0.3,0.0
649,37,14.6,4.4,1.7,0.5,33.9,61.5,1.3,3.9,0.3,0.6,0.5,0.0
650,55,13.9,2.9,1.2,0.0,0.0,70.7,0.9,3.2,0.5,0.7,1.6,0.0
651,42,13.5,4.9,2.1,0.0,0.0,55.8,1.3,3.3,0.4,0.4,0.5,0.0
652,19,12.8,3.3,1.2,0.1,20.0,82.4,0.5,1.4,1.6,0.4,0.2,0.0
653,44,12.3,3.8,1.5,0.3,28.9,71.4,0.4,1.3,1.4,0.4,0.1,0.0
654,64,12.2,3.6,1.4,0.2,28.6,71.2,0.2,1.4,2.0,0.4,0.0,1.0
655,46,12.1,4.7,2.1,0.1,33.3,75.0,1.0,2.6,0.5,0.3,0.4,1.0
656,42,11.4,5.0,1.9,0.1,26.1,81.5,0.7,2.4,0.5,0.3,0.2,1.0
657,38,11.1,3.9,1.4,0.1,20.0,70.0,0.2,0.9,0.9,0.1,0.2,0.0
658,40,10.5,4.4,1.7,0.7,37.3,91.7,0.1,0.8,0.5,0.1,0.0,0.0
659,26,9.9,4.4,1.8,0.7,36.2,40.0,0.4,2.4,0.8,0.1,0.1,1.0
660,26,9.7,2.2,1.0,0.0,0.0,50.0,0.5,2.2,0.2,0.1,0.8,0.0
661,26,12.2,2.8,1.1,0.6,37.5,50.0,0.3,1.0,1.0,0.4,0.3,0.0
662,44,9.6,2.9,1.1,0.2,26.3,59.3,0.3,0.8,1.3,0.3,0.0,0.0
663,38,8.7,2.9,1.1,0.4,37.8,100.0,0.1,0.9,0.9,0.3,0.1,1.0
664,42,8.5,2.6,0.8,0.0,18.2,76.8,0.5,1.3,0.3,0.3,0.1,1.0
665,36,8.3,3.2,1.5,0.0,0.0,66.7,0.6,1.6,0.2,0.1,0.4,0.0
666,82,38.0,22.5,8.5,0.1,29.2,64.2,3.3,12.1,3.8,0.8,0.6,1.0
667,69,37.8,16.4,5.8,0.5,29.6,76.6,0.5,4.6,8.3,1.8,0.5,1.0
668,82,31.0,9.7,3.6,1.0,39.3,76.9,1.3,6.4,1.9,1.0,0.2,1.0
669,81,28.5,14.1,5.3,0.0,16.7,68.7,2.7,8.6,2.5,1.1,0.8,1.0
670,80,27.8,9.4,3.8,0.0,0.0,62.2,3.1,7.5,1.3,1.2,0.6,1.0
671,79,26.2,9.0,3.4,1.3,35.6,69.6,0.6,3.0,1.9,0.7,0.7,1.0
672,65,24.6,7.7,3.3,0.0,0.0,55.5,2.6,7.1,0.6,0.6,1.0,1.0
673,42,24.5,11.7,4.6,0.8,25.8,86.9,0.7,2.5,2.8,0.9,0.1,0.0
674,78,23.0,7.2,2.9,0.2,31.8,80.8,0.5,3.9,2.0,0.6,0.2,1.0
675,81,22.7,6.7,2.5,0.4,27.6,74.4,0.8,2.8,3.6,1.1,0.3,1.0
676,80,21.1,9.8,3.6,1.6,41.9,80.8,0.3,2.5,1.2,0.3,0.1,1.0
677,61,20.7,7.8,2.9,0.7,29.7,76.2,0.6,3.7,1.1,1.0,0.4,1.0
678,78,19.7,6.8,2.8,0.0,0.0,59.5,2.2,5.3,0.5,0.4,0.9,1.0
679,15,11.0,5.4,1.8,0.3,44.4,76.7,0.1,1.3,1.9,0.4,0.2,0.0
680,81,17.9,5.6,2.0,0.6,31.5,77.3,0.9,3.3,0.7,0.7,0.3,1.0
681,58,17.8,4.1,1.7,0.0,0.0,65.6,1.4,3.1,0.7,0.4,1.5,1.0
682,54,17.3,5.9,2.0,0.6,37.0,76.3,0.7,2.6,1.6,0.6,0.1,0.0
683,72,16.9,5.4,2.0,0.5,47.3,71.1,0.6,1.9,1.1,0.4,0.3,1.0
684,52,16.7,6.3,2.9,0.0,0.0,71.4,1.7,3.8,0.8,0.3,0.7,1.0
685,65,16.4,5.3,2.1,0.0,0.0,67.3,1.5,3.9,0.5,0.5,0.7,1.0
686,60,14.5,4.3,1.9,0.0,0.0,56.0,1.0,3.0,0.3,0.4,1.2,1.0
687,49,13.1,3.9,1.6,0.3,24.2,73.1,0.8,2.9,0.6,0.3,0.3,0.0
688,66,11.1,2.8,1.1,0.3,36.0,70.6,0.3,1.3,0.4,0.3,0.1,1.0
689,42,10.4,3.8,1.5,0.1,37.5,58.9,0.7,1.5,1.6,0.3,0.2,0.0
690,43,10.3,2.3,1.0,0.1,30.0,57.1,0.2,1.1,1.8,0.4,0.1,1.0
691,42,10.0,3.8,1.3,0.4,28.3,78.6,0.5,1.7,0.7,0.3,0.2,0.0
692,49,9.4,3.6,1.6,0.0,0.0,70.3,0.7,2.0,0.5,0.3,0.3,1.0
693,18,7.9,1.0,0.4,0.0,0.0,50.0,0.7,1.9,0.2,0.3,0.4,1.0
694,38,7.3,2.9,1.2,0.1,41.7,59.1,0.3,0.9,1.2,0.1,0.0,0.0
695,22,7.2,2.3,1.0,0.0,10.0,53.3,0.3,1.0,1.1,0.2,0.1,0.0
696,41,5.2,2.0,0.8,0.0,0.0,73.9,0.5,1.0,0.2,0.1,0.2,0.0
697,72,37.2,20.1,7.4,0.5,25.5,74.8,0.9,5.3,5.8,1.5,0.4,1.0
698,80,36.2,17.5,6.6,2.1,43.7,88.5,0.6,4.5,5.9,1.9,0.2,1.0
699,82,32.6,15.5,5.5,1.8,37.4,81.7,0.6,3.4,5.7,1.3,0.2,1.0
700,22,10.6,2.5,0.8,0.5,26.2,87.5,0.0,1.6,0.5,0.3,0.1,0.0
701,81,28.9,13.5,4.9,1.0,35.8,82.6,0.3,2.4,4.4,1.0,0.0,0.0
702,76,27.8,12.4,4.9,0.6,40.0,85.1,0.5,2.5,5.7,1.0,0.1,1.0
703,82,26.9,9.0,3.8,0.0,0.0,64.6,2.8,7.5,0.9,0.6,1.3,1.0
704,73,25.6,14.5,5.5,1.6,37.4,81.4,1.0,2.9,1.6,0.8,0.1,1.0
705,82,24.7,9.4,3.3,0.8,38.2,82.9,0.6,2.3,1.5,0.8,0.2,1.0
706,73,24.2,8.0,3.2,0.8,39.0,75.6,0.8,2.6,3.8,1.1,0.3,1.0
707,76,22.9,9.9,3.1,1.2,37.5,80.8,0.6,3.2,1.8,1.1,0.3,1.0
708,78,22.6,8.4,3.3,0.4,31.0,71.5,0.6,4.5,2.9,0.6,0.1,0.0
709,20,10.0,3.4,1.2,0.4,29.2,85.7,0.2,2.0,0.7,0.3,0.3,0.0
710,77,21.6,8.6,3.3,0.1,25.0,76.3,0.9,2.9,0.7,0.6,0.2,1.0
711,65,20.3,8.3,3.1,0.5,41.0,75.7,0.6,1.9,3.1,0.7,0.0,1.0
712,74,20.1,8.9,3.4,1.2,36.9,77.0,0.5,3.0,1.2,0.5,0.1,1.0
713,56,19.4,8.6,3.2,1.2,38.9,80.9,0.7,1.9,2.0,0.8,0.1,1.0
714,82,18.2,7.8,3.4,0.0,0.0,54.7,2.4,6.4,0.8,0.6,0.5,1.0
715,76,18.2,6.6,2.5,0.8,39.5,87.1,0.4,2.1,1.0,0.3,0.1,1.0
716,80,16.5,7.4,2.8,0.1,19.6,77.7,1.0,2.5,0.7,0.4,0.3,0.0
717,81,15.7,4.7,1.9,0.3,31.0,72.2,0.3,1.6,3.3,0.5,0.1,1.0
718,56,15.4,7.3,2.6,1.1,34.5,80.0,0.2,1.6,1.9,0.6,0.1,1.0
719,82,32.0,18.3,7.6,0.4,34.1,81.1,2.8,10.5,2.0,0.7,1.7,0.0
720,47,13.3,5.2,2.1,0.0,0.0,67.6,1.6,3.7,0.4,0.3,0.5,1.0
721,69,13.3,5.1,2.0,0.4,30.5,82.1,0.5,2.5,0.5,0.4,0.4,1.0
722,60,13.1,4.5,1.8,0.0,0.0,75.4,0.9,2.8,0.6,0.2,0.6,0.0
723,52,12.6,2.8,1.1,0.0,0.0,59.7,2.0,4.1,0.4,0.3,0.1,0.0
724,27,12.4,5.0,1.6,0.5,35.1,70.0,0.2,1.1,0.8,0.5,0.2,1.0
725,60,12.0,4.7,1.7,0.7,31.8,79.5,0.1,1.6,0.7,0.3,0.1,1.0
726,63,11.2,3.9,1.7,0.0,0.0,64.6,0.9,2.5,0.2,0.4,0.3,1.0
727,71,11.2,2.9,1.2,0.0,0.0,62.3,0.7,2.1,0.5,0.4,0.1,1.0
728,39,10.4,2.7,1.1,0.0,0.0,90.0,0.6,2.5,0.0,0.2,0.4,1.0
729,71,10.1,3.2,1.3,0.1,21.9,83.7,0.1,0.9,1.7,0.5,0.1,1.0
730,57,9.4,3.3,1.2,0.0,28.6,66.7,0.5,1.4,0.3,0.4,0.2,0.0
731,44,9.2,3.0,1.0,0.3,35.7,71.1,0.3,1.0,0.4,0.2,0.2,0.0
732,43,8.3,2.6,0.9,0.1,21.1,74.5,0.3,1.3,0.3,0.2,0.2,1.0
734,51,7.5,2.7,1.1,0.0,40.0,72.2,0.4,1.2,0.4,0.1,0.3,1.0
735,12,6.3,1.7,0.5,0.1,16.7,58.3,0.2,0.7,1.2,0.3,0.2,0.0
736,18,6.2,2.4,0.9,0.5,32.1,60.0,0.3,1.1,0.0,0.1,0.1,0.0
737,53,30.0,17.5,7.5,0.0,16.7,68.6,2.3,7.0,1.2,0.4,1.1,0.0
738,25,5.2,2.3,0.8,0.2,31.3,84.6,0.3,0.7,0.5,0.3,0.1,0.0
739,82,38.0,18.5,6.9,1.8,38.4,87.9,0.7,3.8,3.2,1.1,0.2,1.0
740,81,37.0,16.8,7.1,0.2,22.2,78.8,1.2,3.9,6.3,0.8,0.2,1.0
741,78,34.3,16.1,5.3,1.7,38.9,85.4,0.6,2.6,2.8,1.0,0.5,1.0
742,82,32.5,15.3,5.3,0.4,27.1,81.5,2.2,4.9,5.3,1.3,0.2,1.0
743,82,32.0,10.0,3.4,1.4,36.7,76.7,0.5,2.8,4.9,1.9,0.1,1.0
744,82,30.5,13.0,5.5,0.0,0.0,79.3,2.7,8.1,1.0,0.5,1.8,1.0
745,82,28.1,11.1,4.3,0.0,0.0,69.2,2.9,7.4,1.1,0.6,0.7,1.0
746,72,26.5,11.8,3.7,1.5,43.9,89.3,0.2,1.8,3.5,0.6,0.0,1.0
747,78,28.6,6.4,2.5,0.4,27.6,68.4,1.0,5.2,1.5,0.9,0.3,0.0
748,81,25.3,11.1,3.9,0.0,10.5,78.9,3.4,9.1,1.0,0.4,0.6,1.0
749,77,25.2,8.4,3.2,1.1,40.4,83.0,0.2,2.3,1.2,1.0,0.2,1.0
750,81,24.8,13.9,5.6,0.4,40.7,77.2,1.4,5.4,1.0,0.5,0.5,1.0
751,75,24.0,8.1,3.2,1.0,37.3,69.7,0.5,3.1,0.9,0.5,0.5,1.0
752,67,22.6,10.1,3.8,1.3,46.7,87.0,1.2,3.0,1.2,0.5,0.2,1.0
753,61,21.5,8.9,3.2,0.0,0.0,63.7,2.8,7.0,0.5,0.4,1.1,0.0
754,56,20.8,5.3,2.0,0.6,34.4,70.7,0.6,2.3,1.8,0.8,0.5,0.0
755,66,19.9,7.4,2.4,1.0,36.5,84.5,1.6,4.7,0.8,0.7,0.3,1.0
756,76,19.3,5.6,2.5,0.0,0.0,66.7,1.4,4.6,0.6,0.7,0.7,1.0
757,77,16.5,5.7,1.9,0.3,32.9,78.1,0.4,2.1,1.8,0.6,0.3,1.0
758,79,16.0,7.7,3.2,0.0,25.0,77.3,1.6,3.7,0.4,0.3,0.7,1.0
759,75,15.2,6.5,2.5,0.0,0.0,66.0,1.6,3.9,0.3,0.4,1.0,1.0
760,51,15.1,5.7,2.2,0.3,32.5,69.1,0.4,1.7,2.1,0.7,0.0,0.0
761,53,14.5,4.3,1.8,0.0,0.0,38.5,1.4,4.5,0.2,0.2,1.1,1.0
762,70,14.4,7.1,2.8,0.0,0.0,66.7,1.6,3.5,0.7,0.3,1.1,1.0
763,68,13.7,5.3,2.1,0.7,34.6,79.1,0.2,0.8,1.7,0.3,0.0,0.0
764,80,28.2,13.2,4.9,1.6,35.1,73.7,0.6,3.4,3.3,1.2,0.2,0.0
765,44,13.3,4.9,1.8,0.1,25.0,82.3,0.3,1.1,1.2,0.3,0.2,1.0
766,53,12.4,4.3,1.3,0.1,25.9,80.6,0.2,1.1,1.5,0.3,0.0,1.0
767,59,12.1,4.7,1.7,0.3,34.8,69.9,0.7,1.9,0.7,0.3,0.5,1.0
768,60,9.3,2.8,1.1,0.4,39.4,64.0,0.2,0.7,2.0,0.5,0.0,1.0
769,48,11.8,4.7,2.0,0.0,0.0,70.6,1.0,2.9,0.4,0.3,0.7,1.0
770,40,11.1,3.9,1.3,0.4,39.5,80.0,0.8,2.0,0.5,0.3,0.5,0.0
771,19,10.9,2.7,1.0,0.5,22.0,50.0,0.6,2.2,0.9,0.3,0.1,1.0
772,76,27.7,13.8,4.8,1.3,34.3,84.0,0.4,2.5,2.6,0.6,0.3,0.0
773,60,10.2,3.1,1.2,0.0,0.0,69.1,0.9,2.0,0.1,0.2,0.7,1.0
774,51,8.4,1.9,0.7,0.0,0.0,68.6,0.6,1.7,0.2,0.2,0.1,0.0
775,37,8.2,2.4,0.8,0.3,40.0,85.7,0.3,0.9,0.8,0.3,0.0,0.0
776,80,34.6,20.3,7.3,0.7,28.8,87.3,0.9,4.3,2.4,1.0,0.9,1.0
777,80,28.2,10.5,4.0,0.3,27.6,74.4,1.3,4.7,1.5,0.6,0.6,1.0
778,78,27.8,8.5,3.6,0.5,32.8,74.1,1.2,6.2,1.2,1.0,1.4,1.0
779,79,27.3,12.7,4.7,0.5,33.1,74.3,1.2,4.5,1.2,0.6,0.5,0.0
780,53,26.1,9.4,3.6,0.6,33.0,73.2,0.4,2.6,4.2,0.8,0.0,1.0
781,73,23.1,8.1,3.1,0.9,30.7,78.4,0.8,4.2,1.6,0.8,0.2,0.0
782,59,24.4,8.8,3.3,1.3,33.2,82.5,0.3,3.0,1.3,0.4,0.1,1.0
783,79,22.8,5.8,2.3,0.1,19.4,80.0,1.0,3.7,1.4,1.0,0.3,1.0
784,74,21.0,8.2,3.6,0.1,31.6,73.8,1.6,4.2,0.8,1.0,0.1,1.0
785,74,20.7,6.6,2.4,0.0,0.0,69.1,2.4,5.6,1.1,0.9,0.9,1.0
786,35,19.6,7.3,3.0,0.3,30.0,63.0,1.1,3.6,0.9,0.4,0.5,1.0
787,57,19.0,7.6,2.7,0.1,18.8,81.4,0.6,2.3,2.8,0.9,0.1,1.0
788,73,19.0,5.8,2.2,0.1,22.0,73.7,1.7,3.9,1.1,0.8,0.1,1.0
789,73,17.5,5.6,2.2,0.0,0.0,60.9,1.6,4.4,0.4,0.4,1.4,0.0
790,60,22.8,10.3,4.4,0.1,21.4,72.7,1.1,5.5,0.7,0.4,1.4,0.0
791,42,16.9,8.1,3.2,0.0,0.0,66.1,2.3,4.9,0.5,0.4,0.2,1.0
792,56,15.4,4.2,1.7,0.1,20.6,79.2,0.2,1.0,2.0,0.5,0.0,0.0
793,75,15.4,7.5,2.8,0.5,40.0,81.5,0.3,1.5,0.8,0.5,0.1,1.0
794,76,14.6,4.5,1.9,0.1,28.6,65.9,1.0,3.0,0.3,0.3,0.7,1.0
795,69,13.6,4.5,1.6,0.0,0.0,66.0,1.4,3.0,0.4,0.5,0.3,1.0
796,50,13.6,5.6,2.0,0.2,27.0,69.2,0.5,2.2,1.0,0.4,0.0,0.0
797,71,13.1,4.7,2.1,0.1,19.0,65.5,1.0,3.2,0.6,0.2,0.6,1.0
798,75,12.9,3.7,1.3,0.1,20.8,78.2,0.5,1.8,0.7,0.4,0.1,1.0
799,51,11.9,5.2,1.8,0.7,33.0,85.7,0.3,1.1,1.7,0.3,0.1,1.0
800,32,11.5,3.7,1.3,0.3,34.6,79.3,0.4,1.0,1.1,0.5,0.0,1.0
801,57,11.2,3.9,1.6,0.2,41.7,63.5,0.6,2.1,0.7,0.5,0.2,0.0
802,52,10.7,1.9,0.8,0.0,0.0,59.3,1.0,2.6,0.3,0.2,0.2,0.0
803,26,10.3,4.1,1.8,0.0,0.0,68.2,1.3,3.4,0.4,0.3,0.4,0.0
804,61,10.0,4.3,1.7,0.0,0.0,56.6,1.1,2.8,0.7,0.3,0.3,1.0
805,70,9.9,1.3,0.6,0.0,16.7,43.8,0.8,2.0,0.6,0.3,0.4,1.0
806,38,9.9,4.0,1.6,0.0,0.0,67.5,1.0,2.6,0.2,0.2,0.6,1.0
807,38,8.5,3.2,1.3,0.0,0.0,64.3,0.6,1.6,0.3,0.2,0.4,0.0
808,64,4.2,0.9,0.3,0.0,0.0,65.4,0.4,0.8,0.2,0.2,0.1,0.0
809,14,3.1,1.1,0.4,0.2,23.1,0.0,0.0,0.4,0.1,0.0,0.2,0.0
810,66,21.4,7.0,2.9,0.0,0.0,64.8,2.0,5.3,0.6,0.7,1.0,0.0
811,57,35.4,16.8,6.1,1.0,37.7,83.8,1.0,4.4,4.0,1.2,0.2,1.0
812,78,29.8,11.8,4.6,1.1,33.7,71.0,0.7,2.9,2.1,0.4,0.1,0.0
813,78,27.0,10.8,4.1,0.7,36.4,72.7,1.2,4.5,1.3,0.9,0.9,1.0
814,78,23.5,6.4,2.4,0.1,20.7,64.7,0.9,3.7,3.8,1.6,0.1,1.0
815,82,22.9,10.1,3.7,0.8,36.8,85.4,0.6,2.7,2.8,0.7,0.3,1.0
816,63,22.1,9.0,3.8,0.0,0.0,72.2,2.3,5.0,0.4,0.3,1.2,1.0
817,48,20.1,7.7,2.9,0.3,28.3,79.6,0.6,2.0,0.9,1.1,0.0,0.0
818,52,21.3,6.6,2.4,1.0,46.1,66.7,0.4,2.1,1.4,0.7,0.5,0.0
819,82,18.7,7.4,3.0,0.0,0.0,62.4,1.8,5.1,0.6,0.6,0.2,1.0
820,81,18.7,5.5,2.0,0.0,50.0,76.4,1.6,5.4,0.5,0.6,0.5,1.0
821,82,18.0,6.8,2.5,0.0,33.3,67.3,2.2,5.2,0.8,0.8,0.9,1.0
822,67,17.4,6.6,2.7,0.4,34.7,60.9,0.6,1.9,0.4,0.6,0.3,1.0
823,79,16.6,6.8,2.6,0.6,28.2,84.7,0.4,2.1,3.3,0.4,0.0,0.0
825,60,16.5,4.6,1.6,0.9,41.9,71.8,0.5,1.5,1.2,0.4,0.1,1.0
826,68,15.6,4.9,2.0,0.1,18.5,56.7,1.4,4.3,0.6,0.8,0.7,1.0
827,29,21.2,5.8,2.2,0.1,28.6,71.2,1.3,5.3,1.5,1.3,0.6,0.0
828,72,15.1,4.4,1.7,0.6,32.8,71.1,0.3,1.7,1.9,0.6,0.1,1.0
829,47,15.1,6.2,2.1,1.0,41.4,76.4,0.4,1.5,0.9,0.4,0.1,0.0
830,52,14.9,4.5,1.7,0.3,27.7,58.5,0.5,2.0,1.6,0.6,0.1,0.0
831,42,14.8,6.0,1.9,0.9,38.8,90.0,0.2,1.2,0.9,0.3,0.0,1.0
832,72,13.4,5.2,1.9,0.0,0.0,60.6,1.2,3.7,0.6,0.6,1.1,1.0
833,59,12.8,4.4,1.5,0.0,0.0,66.1,0.8,3.1,0.3,0.4,0.6,0.0
834,43,12.4,2.9,1.3,0.0,0.0,48.5,1.0,2.5,0.3,0.2,0.5,0.0
835,81,21.1,7.5,2.7,0.8,33.7,73.0,0.9,4.1,1.2,0.5,0.5,0.0
836,46,12.1,3.9,1.6,0.4,36.5,55.0,0.7,1.8,0.5,0.1,0.2,1.0
837,56,12.1,4.6,1.8,0.0,0.0,67.5,0.7,1.3,0.4,0.7,0.1,1.0
838,68,11.6,2.7,1.0,0.3,32.1,86.0,0.6,1.8,1.0,0.4,0.1,0.0
839,58,11.5,3.3,1.1,0.0,0.0,78.7,0.8,2.3,0.2,0.2,0.7,1.0
840,63,11.4,4.2,1.3,0.0,0.0,73.6,1.5,3.4,0.2,0.2,0.3,1.0
841,56,11.3,3.1,1.2,0.0,0.0,59.7,1.0,2.7,0.2,0.2,0.5,1.0
842,61,11.0,4.2,1.6,0.0,0.0,54.4,1.0,2.9,0.2,0.2,0.3,0.0
843,41,10.5,4.1,1.5,0.4,34.6,84.4,0.0,0.7,1.3,0.4,0.0,0.0
844,42,9.7,3.4,1.1,0.5,35.1,67.6,0.1,0.7,1.5,0.4,0.0,1.0
845,29,20.7,4.0,1.3,0.7,28.6,85.0,0.3,2.4,0.7,0.5,0.2,0.0
846,42,8.5,2.8,1.1,0.3,24.0,73.3,0.3,0.9,0.4,0.4,0.1,0.0
847,61,8.1,2.9,1.2,0.0,0.0,66.7,0.6,1.3,0.2,0.3,0.1,0.0
848,44,7.6,2.5,1.0,0.0,11.1,56.1,0.5,1.3,0.4,0.3,0.0,1.0
849,44,7.6,2.5,1.0,0.0,11.1,56.1,0.5,1.3,0.4,0.3,0.0,0.0
850,38,7.1,2.4,1.1,0.0,0.0,60.0,0.7,1.9,0.1,0.2,0.1,0.0
851,35,5.5,1.5,0.5,0.4,33.3,100.0,0.1,0.7,0.2,0.1,0.0,1.0
852,78,36.0,16.1,5.2,0.6,28.2,84.7,0.8,5.1,7.8,2.2,0.1,1.0
853,80,30.1,11.9,4.3,1.2,35.8,72.5,1.0,3.3,5.6,1.3,0.1,1.0
854,81,29.1,13.0,5.4,0.9,32.7,70.6,2.2,6.4,1.1,0.7,0.8,1.0
855,80,28.9,8.8,3.2,1.4,36.1,69.9,0.4,3.3,2.7,1.1,0.1,1.0
856,80,28.8,10.8,4.2,1.1,41.6,70.4,0.4,2.4,4.5,0.8,0.2,1.0
857,63,20.1,5.5,2.5,0.0,10.0,68.1,1.6,5.0,0.7,0.9,0.4,0.0
858,79,24.7,8.5,3.0,0.2,24.5,74.7,1.5,4.8,0.8,0.6,0.3,1.0
859,65,24.2,12.3,4.7,0.0,33.3,82.5,2.1,5.8,0.8,0.5,0.7,1.0
860,78,22.6,7.5,2.8,0.4,32.3,77.7,1.7,4.9,1.2,0.7,0.8,1.0
861,61,22.6,7.6,2.8,0.0,33.3,75.2,1.7,4.9,1.0,0.6,0.1,1.0
862,72,21.4,9.3,3.2,0.8,39.7,75.2,0.8,2.3,2.0,0.8,0.0,1.0
863,61,20.3,9.7,3.3,1.3,38.0,90.0,0.2,1.9,1.2,0.4,0.1,0.0
864,79,20.2,6.7,2.4,0.3,26.3,80.0,0.2,2.0,2.8,0.5,0.0,1.0
865,81,19.8,6.1,2.7,0.4,34.8,63.4,0.5,3.1,4.5,1.2,0.1,0.0
866,80,19.8,6.7,2.5,0.4,33.3,81.2,0.7,3.1,0.8,0.5,0.2,1.0
867,49,18.1,6.8,2.7,0.6,34.1,71.2,0.4,2.1,1.6,0.7,0.2,1.0
868,61,17.5,6.6,2.3,1.1,35.7,85.9,0.5,2.1,0.6,0.3,0.2,1.0
869,79,17.2,7.9,3.1,0.8,37.2,73.6,0.4,1.8,0.8,0.6,0.3,0.0
870,67,16.9,5.1,2.0,0.0,0.0,57.7,1.6,4.5,0.6,0.5,0.3,1.0
871,67,16.9,5.1,2.0,0.0,0.0,57.7,1.6,4.5,0.6,0.5,0.3,0.0
872,36,15.7,5.8,2.1,0.7,41.4,80.5,0.6,1.9,0.9,0.3,0.1,1.0
873,80,15.4,3.2,1.3,0.1,22.5,66.2,0.5,1.8,1.6,1.0,0.1,0.0
874,69,14.9,7.0,2.5,0.0,0.0,81.0,1.4,3.3,0.4,0.2,0.4,1.0
875,66,14.7,3.8,1.5,0.3,28.2,78.3,0.3,1.3,1.3,0.6,0.1,0.0
876,18,13.3,4.7,1.7,0.4,26.9,73.9,0.4,1.7,1.8,0.4,0.3,0.0
877,59,12.8,3.4,1.3,0.2,50.0,78.0,1.1,3.3,0.5,0.3,0.4,1.0
878,37,11.6,3.0,1.0,0.0,0.0,80.0,0.8,2.2,0.2,0.2,0.1,1.0
879,68,10.6,4.1,1.5,0.0,0.0,66.1,0.6,2.1,0.4,0.2,0.3,1.0
880,43,9.6,3.4,1.3,0.0,0.0,88.2,0.9,2.0,0.2,0.3,0.0,0.0
881,39,9.5,1.8,0.7,0.0,6.7,50.0,0.2,0.8,0.3,0.1,0.1,1.0
882,51,9.1,2.7,1.0,0.1,23.5,69.8,0.3,1.0,0.9,0.6,0.1,0.0
883,23,8.8,3.4,1.2,0.2,25.0,75.0,0.8,1.7,0.7,0.3,0.1,1.0
884,32,22.9,8.3,3.2,0.9,44.1,85.7,0.4,2.5,3.6,1.0,0.1,0.0
885,39,8.7,1.8,0.6,0.3,18.5,94.1,0.1,0.7,1.2,0.7,0.1,0.0
886,57,8.5,2.3,0.8,0.0,0.0,60.6,1.0,2.3,0.3,0.3,0.2,1.0
887,46,7.3,1.6,0.7,0.0,0.0,29.6,0.7,1.7,0.2,0.1,0.5,1.0
888,33,5.5,1.5,0.6,0.0,0.0,47.8,0.8,1.5,0.2,0.2,0.1,0.0
889,73,35.6,15.1,6.1,0.0,0.0,60.9,3.8,10.9,0.9,0.8,1.7,1.0
890,82,32.8,9.0,3.3,0.6,33.1,74.3,1.1,5.7,3.0,1.7,0.6,1.0
891,82,32.6,12.0,4.3,0.0,0.0,67.1,3.5,10.0,0.9,0.9,1.7,1.0
892,80,29.7,10.1,3.8,0.2,23.2,82.3,2.4,6.0,1.9,0.9,0.4,1.0
893,74,27.7,9.7,3.7,0.1,17.4,68.8,2.0,6.2,1.7,0.8,1.9,1.0
894,82,26.5,5.9,2.1,1.1,35.5,73.1,0.3,2.6,4.9,1.0,0.0,1.0
895,76,24.5,10.3,3.9,1.1,28.8,68.9,0.5,2.0,1.9,0.7,0.1,1.0
896,78,21.3,5.1,2.1,0.0,25.0,67.3,0.8,2.7,1.4,0.7,0.3,1.0
897,79,20.4,8.7,3.6,0.6,31.2,68.2,0.7,2.4,3.0,1.0,0.0,1.0
898,62,17.8,7.0,3.0,0.3,30.8,72.7,2.0,5.4,0.8,0.4,0.3,0.0
899,68,19.6,6.8,2.5,0.3,24.6,78.9,0.1,1.5,3.3,0.5,0.1,1.0
900,23,19.2,4.0,1.6,0.6,25.9,62.5,0.7,2.7,0.9,0.6,0.1,0.0
901,82,18.9,7.2,3.0,0.5,42.4,78.9,1.3,3.5,0.6,0.5,0.2,1.0
902,43,17.7,6.1,2.5,0.0,0.0,57.1,1.1,3.1,0.3,0.4,1.3,0.0
903,80,17.3,5.9,2.2,0.0,23.1,69.5,1.1,3.0,1.1,0.9,0.2,1.0
904,82,17.0,5.6,2.3,0.0,0.0,70.3,1.9,4.6,0.4,0.4,0.6,1.0
905,77,16.4,6.4,2.4,0.2,38.7,73.7,1.1,2.9,0.8,1.0,0.3,1.0
906,76,15.4,5.7,2.1,0.6,33.6,75.7,0.4,1.3,2.2,1.0,0.3,1.0
907,46,15.3,4.6,1.8,0.0,0.0,64.0,1.4,3.8,0.9,0.5,0.4,0.0
908,71,14.8,6.7,2.7,0.0,0.0,63.0,1.7,4.4,0.3,0.3,0.8,1.0
909,25,14.2,3.7,1.4,0.7,30.4,77.8,0.3,1.4,0.7,0.6,0.0,0.0
910,68,13.3,5.0,1.8,0.4,35.3,66.7,0.7,1.8,0.5,0.4,0.3,0.0
911,62,13.0,3.5,1.4,0.0,33.3,70.1,0.3,1.4,1.7,0.6,0.1,1.0
912,67,13.0,4.1,1.7,0.0,33.3,43.6,1.1,2.9,0.6,0.4,0.3,1.0
913,39,13.0,4.5,1.7,0.6,35.8,70.4,0.4,1.7,1.4,0.5,0.2,1.0
914,38,12.7,3.1,1.2,0.4,26.9,73.7,0.3,1.1,1.8,0.5,0.0,0.0
915,36,12.0,3.1,1.2,0.3,24.5,62.5,0.1,0.9,1.4,0.4,0.0,0.0
916,76,16.6,5.6,2.0,0.3,22.0,78.0,0.3,1.9,2.3,0.7,0.1,0.0
917,38,11.4,3.3,1.2,0.2,27.3,68.8,0.5,1.4,1.0,0.6,0.1,0.0
918,11,10.6,2.4,1.1,0.0,0.0,33.3,1.5,3.4,0.4,0.4,0.4,0.0
919,45,10.1,2.9,1.0,0.1,20.0,65.5,0.6,1.3,0.5,0.4,0.1,1.0
920,79,39.5,20.9,7.9,0.8,29.0,75.4,1.3,5.5,5.9,1.6,0.7,1.0
921,82,36.5,21.0,7.6,0.8,32.2,77.7,2.2,6.1,2.8,1.2,0.5,1.0
922,76,35.6,12.0,4.2,1.9,39.0,80.4,0.6,3.4,6.8,1.3,0.3,1.0
923,61,34.9,16.2,6.1,0.3,30.2,74.7,1.4,4.0,4.5,1.4,0.6,1.0
924,75,33.5,11.5,4.4,0.1,35.7,70.1,2.5,7.4,1.0,0.8,1.4,1.0
925,70,29.2,9.6,4.0,0.6,30.5,78.6,1.0,3.8,1.5,1.0,0.2,1.0
926,55,26.8,7.1,2.8,0.1,23.8,81.6,0.7,3.2,6.5,1.1,0.1,1.0
927,73,24.5,6.8,2.5,0.9,35.8,63.1,1.5,4.3,1.3,0.6,0.1,1.0
928,75,23.9,7.3,2.7,0.0,0.0,76.5,2.5,6.3,0.7,0.4,0.3,1.0
929,67,23.7,8.6,3.4,0.3,30.3,70.3,2.2,5.5,1.4,1.0,0.8,1.0
930,82,22.5,6.1,2.4,0.0,0.0,69.7,1.5,5.6,1.0,0.3,0.9,1.0
931,37,15.5,4.2,1.5,0.4,30.2,71.8,0.2,1.3,2.9,0.8,0.1,0.0
932,38,19.1,4.5,1.7,0.1,15.4,70.5,1.4,4.0,1.3,0.7,0.1,1.0
933,47,19.0,6.2,2.4,0.1,44.4,62.9,1.2,3.6,1.2,0.7,0.4,1.0
934,75,18.6,5.9,2.1,1.0,37.1,82.1,0.2,1.6,2.8,0.8,0.1,1.0
935,56,18.6,8.5,3.6,0.2,30.6,76.9,1.2,2.6,2.1,0.9,0.2,1.0
936,41,17.9,4.2,1.8,0.2,21.2,59.5,1.4,4.5,0.7,0.9,0.8,1.0
937,81,17.1,5.9,2.2,0.3,31.4,75.6,0.4,1.6,2.2,1.1,0.2,1.0
938,69,16.1,5.5,2.1,0.4,33.8,82.3,0.5,1.6,2.4,0.8,0.1,1.0
939,53,14.5,6.9,2.7,0.4,31.1,72.8,0.3,1.2,1.0,0.5,0.1,1.0
940,24,15.1,4.7,1.8,0.5,38.2,47.8,1.0,2.8,0.4,1.2,0.5,0.0
941,57,13.5,5.0,2.0,0.2,25.6,78.6,0.4,1.3,1.3,0.5,0.0,1.0
942,71,13.1,3.8,1.5,0.0,0.0,71.3,1.6,4.2,0.8,0.4,0.4,1.0
943,35,12.6,4.4,1.9,0.0,0.0,75.0,0.9,2.9,0.6,0.5,0.5,1.0
944,41,12.4,3.0,1.1,0.2,30.0,81.5,0.7,1.7,0.5,0.2,0.2,0.0
945,74,11.9,4.5,1.6,1.1,39.1,79.2,0.4,1.5,0.5,0.3,0.1,1.0
946,49,14.8,5.6,2.0,0.7,40.4,81.1,0.3,2.3,1.0,0.6,0.2,0.0
947,36,11.3,3.5,1.5,0.0,0.0,44.2,1.4,3.3,0.5,0.4,0.0,0.0
948,41,10.4,3.5,1.3,0.5,47.7,83.3,0.5,1.3,0.3,0.3,0.1,1.0
949,72,10.1,2.4,0.9,0.2,33.3,70.5,0.5,1.8,1.6,0.4,0.1,1.0
950,38,9.6,1.8,0.7,0.1,30.0,64.0,0.2,1.0,1.1,0.3,0.1,0.0
951,54,8.7,3.4,1.2,0.6,37.0,88.5,0.2,1.0,0.4,0.3,0.1,0.0
952,16,4.4,1.2,0.4,0.1,33.3,66.7,0.1,0.4,0.1,0.1,0.0,1.0
953,78,36.6,15.4,5.5,0.4,31.8,82.4,1.7,5.1,2.7,1.8,0.4,1.0
954,55,14.8,6.0,2.2,0.3,38.3,75.0,0.3,1.7,1.1,0.4,0.1,0.0
955,82,31.3,13.5,4.8,0.0,20.0,66.1,3.0,8.8,1.0,0.8,1.1,1.0
956,47,29.5,13.4,4.7,1.2,31.6,80.0,0.4,1.7,2.8,0.8,0.1,0.0
957,70,26.8,12.5,5.1,0.2,29.2,71.2,2.3,6.5,1.2,0.8,0.5,1.0
958,75,26.1,9.5,3.6,0.9,32.2,64.0,0.4,2.6,4.7,1.1,0.2,0.0
959,81,25.3,10.0,4.1,0.0,0.0,77.1,2.5,7.5,1.3,0.7,0.6,1.0
960,49,20.8,8.9,3.7,0.0,14.3,52.1,2.2,5.7,0.8,0.5,1.1,1.0
961,82,24.4,5.1,2.1,0.1,25.0,65.2,0.5,3.0,3.4,1.0,0.2,0.0
962,64,23.5,8.3,2.7,1.6,35.3,76.6,0.3,2.3,2.6,0.6,0.1,0.0
963,33,22.8,5.2,1.9,0.9,32.3,76.0,0.7,2.8,1.0,0.6,0.3,0.0
964,70,14.3,3.1,1.2,0.6,29.3,80.0,0.2,1.3,0.6,0.4,0.2,0.0
965,59,23.4,6.9,2.8,0.4,26.9,79.0,0.6,2.7,2.2,1.0,0.6,0.0
966,72,21.0,7.5,2.9,0.7,29.2,73.1,0.4,2.6,1.3,0.3,0.6,1.0
967,67,20.4,3.2,1.0,0.0,0.0,51.9,2.5,6.6,0.5,0.6,0.2,1.0
968,66,16.7,6.2,2.1,0.6,32.2,83.1,0.4,1.8,2.5,0.7,0.2,1.0
969,75,16.6,6.4,2.6,0.2,22.2,78.4,1.1,3.4,0.7,0.6,0.2,0.0
970,82,15.9,5.7,2.0,0.6,34.7,78.0,0.8,2.6,1.3,0.7,0.2,1.0
972,27,14.1,5.7,2.0,0.0,0.0,72.6,1.4,3.2,0.6,0.3,0.3,0.0
973,72,15.9,5.1,1.7,0.7,31.5,68.6,0.4,1.2,1.0,0.5,0.1,0.0
974,42,15.4,6.4,2.5,0.6,29.8,80.4,0.3,1.7,1.0,0.6,0.1,1.0
975,52,15.4,4.5,1.8,0.0,0.0,70.3,1.2,3.3,0.3,0.2,0.6,1.0
976,46,15.0,3.2,1.1,0.2,28.6,78.7,0.4,1.5,2.0,0.6,0.1,1.0
977,35,13.9,4.8,1.6,0.0,0.0,69.5,0.7,2.4,0.9,0.2,0.1,0.0
978,51,13.1,3.9,1.5,0.4,33.3,67.4,0.3,1.2,0.4,0.4,0.3,0.0
979,55,12.4,4.8,1.7,0.0,0.0,68.0,1.2,3.0,0.3,0.2,0.4,0.0
980,58,11.8,2.3,1.0,0.2,41.7,50.0,0.3,1.3,0.8,0.5,0.1,0.0
981,51,13.8,5.6,2.2,0.2,18.2,68.9,1.2,2.6,0.6,0.4,0.8,0.0
982,76,11.5,3.0,1.3,0.3,27.9,69.6,0.3,1.2,0.9,0.1,0.1,1.0
983,39,11.3,4.1,1.7,0.1,25.0,68.4,0.5,1.4,0.2,0.2,0.5,0.0
984,46,10.4,3.7,1.6,0.0,0.0,50.0,0.7,2.3,0.5,0.1,0.3,1.0
985,50,10.3,3.7,1.4,0.4,36.1,80.8,0.2,0.9,1.7,0.3,0.0,1.0
986,42,10.4,3.3,1.3,0.5,42.6,64.7,0.1,1.1,0.6,0.2,0.3,1.0
987,48,9.3,1.9,0.7,0.0,0.0,59.0,0.7,2.1,0.2,0.2,0.4,0.0
988,64,7.9,2.1,0.8,0.2,32.3,74.3,0.3,0.9,0.7,0.3,0.1,1.0
989,36,7.6,2.6,1.1,0.2,28.0,70.0,0.2,0.9,0.4,0.4,0.1,0.0
990,53,6.3,2.4,1.1,0.1,33.3,35.0,0.3,1.0,0.2,0.3,0.0,0.0
991,57,12.2,5.0,2.0,0.6,32.4,79.2,0.2,1.5,1.9,0.6,0.1,0.0
992,19,5.8,1.6,0.6,0.3,35.7,75.0,0.1,0.4,0.6,0.1,0.1,0.0
993,78,39.7,14.4,5.3,1.3,37.3,70.0,2.3,5.4,2.8,1.6,1.0,1.0
994,80,32.9,14.4,5.8,1.0,33.3,67.1,1.6,4.3,3.0,1.3,0.4,1.0
995,80,30.5,9.4,3.6,0.5,24.0,70.4,1.0,3.7,8.1,1.7,0.5,1.0
996,77,29.4,9.2,3.5,0.8,32.3,67.5,0.4,2.6,4.3,1.2,0.1,1.0
997,78,28.7,8.7,3.4,0.8,36.4,76.3,0.8,3.3,2.2,0.7,0.6,1.0
998,55,11.8,3.8,1.3,0.4,26.5,80.0,0.3,2.4,0.5,0.3,0.5,0.0
999,73,26.0,8.8,3.3,1.2,33.0,74.4,1.6,5.7,0.7,0.2,1.8,1.0
1000,77,24.9,7.5,3.3,0.5,29.2,77.4,1.0,3.3,2.3,0.8,0.3,1.0
1001,47,24.6,10.9,3.7,0.8,34.5,77.5,0.9,2.8,3.7,1.5,0.2,1.0
1002,79,24.3,9.4,3.4,0.2,23.2,71.3,1.1,3.7,1.8,0.8,0.6,1.0
1003,67,22.8,7.2,2.7,0.1,12.1,83.8,0.7,2.4,3.0,1.4,0.1,1.0
1004,70,20.6,6.4,2.3,0.0,0.0,74.0,2.0,4.2,0.8,0.4,0.3,1.0
1005,62,20.4,5.1,1.8,0.0,0.0,60.6,2.3,5.2,0.5,0.3,1.5,1.0
1006,71,19.6,6.1,2.1,0.0,0.0,60.4,1.6,4.8,0.8,0.4,1.3,1.0
1007,77,18.3,4.5,1.5,0.0,50.0,70.1,1.7,3.9,1.1,0.4,0.6,1.0
1008,82,17.7,5.9,2.2,0.0,33.3,77.6,1.2,3.9,0.9,0.4,0.3,1.0
1009,68,16.3,3.8,1.6,0.2,19.2,64.3,1.1,3.1,0.9,0.3,0.4,0.0
1010,72,16.0,6.7,2.6,0.0,0.0,65.6,1.5,3.8,0.3,0.2,0.7,1.0
1011,36,15.6,5.3,2.0,0.2,25.9,78.3,0.5,1.4,3.0,0.9,0.0,0.0
1012,64,15.1,3.6,1.5,0.3,36.4,63.9,0.5,1.3,2.0,0.9,0.1,1.0
1013,57,14.3,4.5,1.6,0.0,0.0,70.7,1.1,3.5,0.8,0.3,0.5,1.0
1014,62,14.1,5.2,1.8,0.7,28.4,67.1,0.2,1.1,1.5,0.6,0.1,0.0
1015,35,11.3,2.4,0.8,0.3,24.5,72.7,0.1,1.4,1.1,0.3,0.1,0.0
1016,47,13.1,4.3,1.7,0.0,0.0,55.4,1.2,3.9,0.1,0.4,0.7,1.0
1017,40,10.1,3.1,1.2,0.1,33.3,75.0,0.3,1.1,1.8,0.5,0.1,0.0
1018,53,9.7,3.6,1.3,0.0,0.0,58.5,0.8,1.8,0.1,0.1,0.8,1.0
1019,60,8.6,1.8,0.6,0.0,0.0,73.3,0.8,2.0,0.4,0.3,0.6,1.0
1020,53,8.5,3.1,1.2,0.0,0.0,73.7,0.6,2.0,0.1,0.1,0.1,0.0
1021,54,8.0,3.2,1.4,0.0,0.0,50.0,0.9,1.6,0.5,0.3,0.1,1.0
1022,21,7.4,3.8,1.2,0.7,38.5,92.3,0.1,0.5,1.2,0.2,0.0,0.0
1023,41,5.8,2.8,1.2,0.0,0.0,66.7,0.8,1.7,0.3,0.2,0.1,1.0
1024,35,5.6,1.8,0.8,0.1,29.4,50.0,0.3,0.5,0.2,0.2,0.0,0.0
1025,39,10.9,4.7,1.9,0.0,0.0,54.5,1.3,3.1,0.3,0.1,0.8,0.0
1026,68,33.4,12.0,5.1,0.0,9.1,63.0,2.0,7.4,1.9,1.1,1.7,1.0
1027,48,29.4,13.2,4.9,0.1,21.7,80.2,2.5,7.5,1.2,0.7,0.6,1.0
1028,82,29.1,11.9,4.5,1.8,40.7,71.1,0.8,4.0,1.7,0.6,0.2,1.0
1029,81,26.3,9.4,3.9,0.0,5.3,52.1,1.6,5.9,1.2,0.6,1.5,1.0
1030,80,22.6,9.3,3.6,0.8,38.2,71.7,1.4,3.2,1.3,0.8,0.3,1.0
1031,51,22.5,8.6,3.4,0.0,0.0,66.7,1.7,3.7,1.2,0.9,0.1,0.0
1032,72,21.9,9.5,3.9,0.1,25.6,72.7,1.1,4.3,1.1,0.4,0.3,1.0
1033,77,21.6,8.2,3.2,0.7,33.5,71.9,0.5,2.7,1.8,1.1,0.2,1.0
1034,65,21.3,9.5,3.7,0.3,37.0,82.0,0.6,2.2,1.0,0.7,0.1,0.0
1035,59,19.8,7.6,2.9,0.0,0.0,79.4,1.8,4.7,0.3,0.3,0.9,1.0
1036,63,10.7,3.7,1.4,0.4,31.6,63.3,0.4,2.1,0.2,0.3,0.1,0.0
1037,78,19.5,5.9,2.4,0.2,26.9,73.6,0.9,3.2,0.8,0.5,0.3,1.0
1038,50,18.7,6.3,2.3,0.6,33.3,77.8,0.4,1.6,2.9,1.0,0.0,0.0
1039,76,17.9,8.1,3.1,0.7,33.1,62.7,1.4,3.4,0.8,0.6,0.1,1.0
1040,64,17.2,3.9,1.6,0.0,0.0,69.7,1.5,3.6,0.5,0.6,1.2,1.0
1041,61,17.2,4.6,1.8,0.7,35.0,79.4,0.1,1.5,2.3,0.7,0.2,1.0
1042,78,16.8,5.1,1.9,0.5,32.3,73.6,0.7,2.3,0.8,0.6,0.4,1.0
1043,80,16.4,4.9,1.9,0.0,0.0,60.3,1.4,3.6,0.4,0.8,1.0,1.0
1044,76,16.3,5.9,1.9,0.4,35.0,69.8,0.1,1.2,2.3,0.5,0.1,1.0
1045,78,16.3,5.4,2.1,0.1,29.4,70.8,0.3,1.7,2.7,0.6,0.0,1.0
1046,53,16.1,5.0,1.7,1.0,39.6,90.3,0.2,1.2,1.3,0.4,0.0,0.0
1047,42,11.2,3.9,1.6,0.0,0.0,74.4,0.7,2.2,0.6,0.2,0.1,1.0
1048,50,11.0,5.0,2.1,0.4,34.5,68.6,0.1,0.8,1.0,0.3,0.0,1.0
1049,55,10.8,4.8,2.0,0.0,16.7,72.4,0.7,1.4,0.7,0.5,0.1,0.0
1050,54,10.8,3.1,1.2,0.0,0.0,68.9,0.6,1.9,0.2,0.3,0.4,0.0
1051,25,22.6,6.7,2.6,0.5,28.3,76.7,0.2,2.2,3.0,0.7,0.5,0.0
1052,38,10.1,4.0,1.4,0.5,38.0,72.5,0.1,1.2,0.7,0.2,0.0,0.0
1053,70,9.2,2.0,0.8,0.0,100.0,70.3,1.1,2.2,0.3,0.1,0.1,1.0
1054,40,7.3,2.2,0.8,0.0,8.3,68.4,0.2,0.7,0.5,0.3,0.1,1.0
1055,81,37.0,20.1,7.8,0.0,0.0,68.5,4.3,10.0,1.9,0.8,1.6,1.0
1056,76,36.4,16.6,5.9,0.8,36.0,71.9,2.1,7.8,4.2,1.2,1.3,1.0
1057,77,36.1,18.0,6.5,1.4,34.5,78.6,2.0,5.3,6.6,1.5,0.4,1.0
1058,72,31.1,12.0,4.3,0.8,31.4,67.4,0.9,4.3,2.8,1.6,0.5,1.0
1059,73,29.7,11.6,4.7,0.4,35.9,82.6,1.2,3.7,2.8,0.8,0.3,0.0
1060,72,26.8,6.7,2.4,0.2,28.1,75.3,1.8,5.2,2.5,1.6,0.2,1.0
1061,82,25.5,11.1,4.1,0.1,20.4,77.4,1.0,3.4,5.8,1.0,0.2,1.0
1062,81,25.3,8.2,2.8,1.0,37.3,80.0,1.0,3.9,1.8,1.2,0.4,1.0
1063,72,25.0,8.3,2.9,0.4,26.2,66.0,2.0,6.1,1.6,0.8,0.3,1.0
1064,51,24.7,10.2,4.4,0.1,18.2,84.7,2.1,6.5,1.4,0.8,1.0,1.0
1065,75,23.9,9.4,3.5,0.7,32.5,75.1,0.8,2.5,3.3,1.2,0.2,0.0
1066,79,23.5,6.3,2.5,0.0,13.0,75.0,0.6,2.5,4.8,1.2,0.1,1.0
1067,81,23.3,8.1,3.1,0.6,29.3,80.7,0.3,2.0,4.3,1.1,0.1,1.0
1068,82,19.8,9.5,3.8,0.7,35.0,72.9,0.2,1.5,3.7,0.6,0.0,1.0
1069,71,19.3,9.0,3.6,0.4,36.4,77.4,0.5,1.8,1.5,0.4,0.1,1.0
1070,48,19.2,5.7,2.3,0.2,38.5,68.3,1.2,3.6,1.1,0.8,0.4,1.0
1071,45,32.4,11.8,4.5,1.4,35.2,80.8,0.8,4.2,3.3,1.2,0.3,0.0
1072,82,18.6,5.9,2.2,0.3,22.5,63.4,0.6,2.0,3.8,1.2,0.2,1.0
1073,77,17.8,8.4,2.9,0.0,18.2,75.1,1.6,3.9,0.8,0.3,0.3,1.0
1074,67,16.6,7.0,3.2,0.0,0.0,73.4,0.8,2.7,0.5,0.7,0.4,1.0
1075,71,13.7,2.2,0.8,0.0,0.0,48.9,1.6,3.5,0.6,0.4,0.4,1.0
1076,45,13.3,3.1,1.0,0.5,35.8,67.5,0.3,1.2,2.5,0.3,0.0,0.0
1077,74,12.1,3.8,1.5,0.3,36.5,73.1,0.6,1.5,0.5,0.3,0.2,0.0
1078,52,11.3,2.5,0.9,0.0,11.1,71.7,1.4,2.2,0.4,0.8,0.3,1.0
1079,46,9.2,2.7,1.1,0.0,0.0,63.2,0.5,1.8,0.3,0.3,0.2,0.0
1080,47,9.2,2.6,0.9,0.3,29.5,70.4,0.5,1.9,0.5,0.3,0.2,1.0
1081,75,30.8,9.9,4.0,0.0,0.0,60.9,2.5,8.1,1.7,1.8,1.9,0.0
1082,40,8.9,2.2,0.9,0.0,0.0,46.3,0.8,2.0,0.2,0.1,0.9,0.0
1083,59,8.2,2.6,0.9,0.3,28.6,66.7,0.1,0.7,1.5,0.2,0.0,0.0
1084,53,7.4,2.0,0.8,0.0,0.0,59.5,0.3,1.0,0.9,0.4,0.0,1.0
1085,49,7.0,3.2,1.1,0.3,34.0,65.9,0.6,1.5,0.2,0.2,0.1,1.0
1086,22,6.0,1.5,0.6,0.0,0.0,66.7,0.5,1.5,0.0,0.2,0.1,0.0
1087,50,36.1,12.8,4.6,2.0,31.0,75.2,0.3,3.1,6.0,1.9,0.0,1.0
1088,50,35.2,18.3,6.9,0.4,28.8,76.1,1.9,5.7,3.0,1.1,1.5,1.0
1089,50,35.2,13.2,5.2,0.3,20.3,75.1,0.6,2.7,6.5,1.6,0.1,1.0
1090,48,34.0,16.5,5.9,1.8,41.2,71.3,2.4,6.4,2.4,1.7,1.0,1.0
1091,82,30.4,8.9,3.7,0.1,26.2,55.1,1.3,4.3,6.5,1.7,0.2,0.0
1092,50,31.2,10.9,4.3,1.4,43.3,63.9,0.5,1.7,1.9,0.5,0.2,1.0
1093,28,30.4,6.3,2.4,0.0,0.0,71.7,4.0,10.3,0.9,0.9,0.6,1.0
1094,41,15.2,3.7,1.4,0.1,35.7,50.7,2.0,5.2,0.6,0.4,0.3,1.0
1095,49,29.7,9.9,3.5,1.1,35.8,81.8,0.4,2.3,2.5,0.9,0.5,1.0
1096,50,25.8,10.1,3.6,0.7,36.5,78.2,1.1,3.5,1.6,1.5,0.4,0.0
1097,47,22.5,9.6,3.8,0.1,30.0,58.8,2.8,6.4,0.7,0.8,0.3,1.0
1098,50,22.3,8.2,3.0,0.2,40.0,71.3,1.8,4.3,0.9,0.6,0.1,1.0
1099,25,29.5,12.3,5.2,0.2,25.0,69.7,2.0,5.5,1.7,1.2,0.2,0.0
1100,50,19.8,9.1,3.4,0.2,15.4,70.9,1.7,3.8,1.5,0.9,0.3,1.0
1101,49,16.0,5.3,2.2,0.0,0.0,53.8,1.6,3.7,0.8,0.9,0.9,1.0
1102,49,15.9,6.2,2.6,0.0,0.0,67.5,1.3,3.0,0.4,0.4,0.3,1.0
1103,42,14.9,4.1,1.7,0.1,16.7,75.0,0.2,1.2,1.6,0.5,0.2,0.0
1104,28,14.6,3.3,1.3,0.0,0.0,56.8,1.3,3.4,0.4,0.4,1.1,1.0
1105,24,14.3,5.2,1.8,1.0,40.3,82.4,0.3,1.8,1.8,0.5,0.0,1.0
1106,39,13.8,5.6,2.2,0.2,38.9,71.4,0.7,1.9,0.5,0.2,0.1,1.0
1107,67,27.0,7.8,2.6,1.4,33.5,64.6,0.9,3.3,3.1,1.5,0.3,0.0
1108,34,13.0,3.5,1.4,0.5,32.7,100.0,0.1,0.9,1.5,0.3,0.1,1.0
1109,26,12.7,5.1,2.2,0.0,0.0,50.0,1.0,3.0,0.2,0.4,0.8,1.0
1110,38,12.3,6.3,2.1,0.0,50.0,79.4,0.9,3.1,0.6,0.2,0.5,1.0
1111,46,12.1,4.5,1.8,0.0,16.7,76.3,0.9,1.8,1.3,0.7,0.1,1.0
1112,30,11.0,3.2,1.2,0.1,40.0,55.6,0.7,1.6,0.7,0.3,0.1,0.0
1113,31,10.3,3.8,1.4,0.1,21.4,67.5,0.5,1.3,0.3,0.3,0.3,0.0
1114,34,10.2,4.8,1.8,0.0,10.0,82.2,0.4,1.5,0.4,0.1,0.0,0.0
1115,22,10.0,3.0,1.4,0.1,16.7,66.7,0.3,0.8,1.5,0.3,0.0,1.0
1116,27,9.2,2.9,1.3,0.0,20.0,69.2,0.9,2.0,0.5,0.3,0.1,0.0
1117,24,8.5,2.1,0.6,0.3,26.1,75.0,0.1,0.9,0.8,0.2,0.0,0.0
1118,59,25.0,11.9,4.5,0.6,31.4,82.9,0.9,3.2,3.5,0.9,0.2,0.0
1119,35,8.1,3.3,1.2,0.0,0.0,77.8,0.9,1.9,0.4,0.5,0.2,0.0
1120,33,7.2,2.4,1.0,0.1,30.0,78.6,0.2,0.7,0.9,0.1,0.0,0.0
1121,24,6.0,2.7,0.9,0.0,16.7,71.0,0.7,1.3,0.1,0.2,0.1,1.0
1122,26,4.7,1.6,0.6,0.0,0.0,57.1,0.7,1.4,0.1,0.2,0.1,1.0
1123,62,37.5,19.7,7.2,1.1,30.8,84.6,2.3,6.6,1.7,1.0,0.4,1.0
1124,80,33.3,15.3,6.4,0.0,10.7,83.9,1.4,3.5,2.2,1.6,0.2,1.0
1125,80,31.0,9.0,3.3,0.0,0.0,80.1,0.8,3.2,8.2,2.5,0.2,1.0
1126,82,30.8,10.1,4.2,0.0,0.0,71.6,0.9,4.0,2.0,1.2,0.6,1.0
1127,82,30.8,10.1,4.2,0.0,0.0,71.6,0.9,4.0,2.0,1.2,0.6,0.0
1128,68,30.0,11.6,4.6,0.3,25.9,81.4,1.1,4.4,4.7,1.5,0.2,1.0
1129,77,24.7,10.1,3.7,0.7,34.1,84.2,0.4,2.8,3.6,0.7,0.1,0.0
1130,77,29.4,7.5,2.9,0.5,32.8,72.7,0.7,2.2,4.3,0.8,0.1,1.0
1131,66,27.9,11.7,3.6,0.3,20.2,87.3,0.8,2.8,3.4,1.3,0.2,1.0
1132,80,27.7,11.2,3.5,1.3,32.9,85.0,0.8,2.4,3.9,1.3,0.1,1.0
1133,74,26.4,7.8,3.1,0.1,21.2,65.9,0.3,1.9,4.5,0.7,0.1,1.0
1134,66,23.3,7.7,3.0,0.7,32.1,78.3,0.7,1.9,1.2,0.8,0.4,0.0
1135,65,23.2,8.4,3.6,0.0,21.4,70.2,2.1,5.4,0.9,0.8,1.1,1.0
1136,77,23.1,11.0,4.0,0.8,36.3,74.0,1.4,3.7,1.2,0.7,0.2,1.0
1137,80,22.6,10.2,3.5,0.0,33.3,77.6,2.3,5.6,1.0,0.6,0.4,1.0
1138,71,21.3,11.5,4.5,0.0,0.0,70.9,1.7,4.2,0.7,0.5,0.6,1.0
1139,52,21.0,9.5,3.7,0.0,14.3,67.9,1.5,4.5,1.2,0.4,0.3,1.0
1140,54,19.8,6.0,2.3,0.2,32.1,72.2,0.4,1.5,1.9,0.7,0.1,1.0
1141,58,18.4,5.8,1.9,0.0,25.0,61.7,0.5,1.2,1.9,1.1,0.2,0.0
1142,64,18.4,7.0,2.8,0.2,34.1,71.2,1.6,4.2,1.5,0.8,0.9,1.0
1143,38,16.4,4.3,1.3,0.6,36.1,67.7,0.4,1.5,2.6,0.7,0.1,1.0
1144,38,13.9,6.4,2.4,0.8,37.7,62.1,0.7,2.4,0.9,0.5,0.2,0.0
1145,74,13.6,3.8,1.3,0.0,0.0,68.8,1.2,3.4,0.3,0.4,1.3,1.0
1146,34,21.1,6.4,2.6,1.0,39.8,57.1,0.5,3.6,1.3,0.6,0.5,0.0
1147,32,23.1,6.7,2.8,0.0,11.1,65.2,1.5,5.1,0.9,0.6,0.3,0.0
1148,58,12.8,4.0,1.6,0.0,0.0,59.7,1.1,2.9,0.3,0.2,1.4,0.0
1149,35,12.3,3.5,1.1,0.0,0.0,70.0,0.3,1.1,1.9,0.4,0.0,1.0
1150,39,10.1,3.3,1.2,0.0,16.7,72.1,0.6,1.7,0.9,0.4,0.1,0.0
1151,54,9.9,2.8,1.0,0.0,0.0,75.9,0.9,2.0,0.3,0.4,0.2,1.0
1152,39,9.4,3.5,1.4,0.0,0.0,52.2,1.4,2.4,0.5,0.5,0.1,0.0
1153,45,9.3,3.1,1.0,0.1,37.5,70.6,0.1,0.8,1.9,0.2,0.0,1.0
1154,38,7.7,1.4,0.6,0.1,28.6,42.9,0.2,0.6,1.2,0.6,0.1,0.0
1155,40,6.4,3.8,1.2,0.0,33.3,83.8,0.5,1.0,0.2,0.3,0.2,1.0
1156,37,5.3,1.9,0.7,0.2,32.1,65.0,0.2,0.7,0.5,0.3,0.1,1.0
1157,76,40.1,23.5,8.2,2.0,34.1,70.2,1.5,4.1,7.5,2.1,0.3,1.0
1158,82,36.7,16.4,6.2,1.9,37.7,77.1,1.3,3.9,3.0,1.9,0.4,1.0
1159,82,36.2,17.5,7.0,0.6,32.7,63.1,3.5,9.0,3.2,1.3,0.7,1.0
1160,80,35.0,18.7,6.9,0.1,25.9,74.6,2.7,6.9,2.2,1.0,1.0,1.0
1161,67,34.7,15.8,5.3,1.5,35.4,72.7,0.8,2.7,7.8,1.0,0.3,1.0
1162,82,30.9,13.4,4.8,1.4,39.3,82.3,1.2,4.0,2.6,0.9,0.1,1.0
1163,63,30.1,14.8,6.0,0.0,14.3,69.3,2.1,6.3,1.5,1.1,2.1,1.0
1164,82,29.1,9.4,3.3,1.9,40.4,76.3,0.2,2.0,3.7,1.0,0.0,1.0
1165,77,25.1,7.3,3.1,0.0,25.0,58.7,2.7,6.1,0.6,0.6,0.8,1.0
1166,62,21.8,7.9,2.8,0.7,28.7,75.2,1.0,3.2,1.2,0.7,1.1,0.0
1167,68,24.5,8.0,3.3,0.0,0.0,69.6,2.2,7.3,0.6,0.6,1.4,1.0
1168,41,16.6,4.6,1.7,0.8,38.2,61.5,0.6,1.7,1.6,0.7,0.2,0.0
1169,65,16.4,5.9,2.3,0.4,51.1,68.7,0.8,2.8,0.8,0.4,0.1,1.0
1170,71,16.3,4.8,2.0,0.0,0.0,62.0,1.8,4.5,0.5,0.4,0.8,1.0
1171,71,15.5,7.6,2.5,0.7,37.5,81.9,0.7,1.9,1.3,0.7,0.3,1.0
1172,64,15.3,3.9,1.6,0.1,40.9,64.6,0.5,1.5,2.4,0.6,0.2,1.0
1173,57,15.1,4.8,2.0,0.0,0.0,60.5,1.3,3.5,0.3,0.2,0.4,1.0
1174,72,14.6,5.1,1.8,0.0,100.0,63.7,1.3,4.1,0.6,0.3,1.0,1.0
1175,50,21.3,8.7,3.1,1.2,36.5,76.3,0.2,2.3,1.7,0.6,0.2,0.0
1176,61,14.2,5.4,2.0,0.9,46.4,82.4,0.5,1.6,1.6,0.6,0.1,1.0
1177,43,14.0,5.0,1.9,0.0,0.0,64.9,1.1,3.4,0.4,0.3,0.5,1.0
1178,75,12.7,4.1,1.5,0.0,0.0,69.1,1.4,3.3,0.3,0.1,0.3,1.0
1179,68,11.6,4.8,1.8,0.0,50.0,71.8,0.8,2.3,0.5,0.3,0.4,1.0
1180,80,11.5,3.9,1.3,0.3,30.1,65.8,0.3,1.2,1.5,0.5,0.1,1.0
1181,57,10.4,3.1,1.3,0.0,20.0,56.5,1.1,2.9,0.3,0.3,0.3,0.0
1182,45,10.2,4.1,1.5,0.0,0.0,60.3,0.9,2.8,0.2,0.0,0.6,1.0
1183,54,9.7,3.0,1.1,0.0,0.0,61.3,1.3,3.0,0.6,0.5,0.3,1.0
1184,70,9.5,2.2,0.8,0.0,0.0,73.8,0.8,2.4,0.2,0.2,0.5,0.0
1185,65,21.2,6.3,1.9,0.8,31.4,59.1,0.8,3.0,1.2,0.6,1.1,0.0
1186,36,8.8,2.3,0.9,0.0,0.0,48.6,0.8,1.6,0.4,0.3,0.2,1.0
1187,35,7.7,2.2,0.9,0.0,0.0,55.2,0.5,1.7,0.2,0.1,0.1,0.0
1188,35,5.5,1.8,0.7,0.1,28.6,57.1,0.2,0.7,0.4,0.2,0.3,1.0
1189,35,5.1,3.2,1.4,0.0,0.0,56.5,0.5,1.2,0.3,0.0,0.3,0.0
1190,70,40.9,19.0,6.9,1.9,39.5,79.7,0.8,4.0,9.3,1.4,0.3,1.0
1191,82,39.2,15.0,5.7,0.7,32.8,74.9,1.7,4.6,3.5,1.0,0.4,1.0
1192,72,37.5,19.2,6.3,1.3,31.8,74.7,1.3,3.7,3.9,1.1,1.1,1.0
1193,82,34.4,15.3,5.7,0.1,35.7,77.3,3.7,8.7,1.0,1.0,1.6,1.0
1194,77,31.9,13.3,5.2,0.0,0.0,73.2,2.3,7.4,1.4,0.6,0.7,1.0
1195,80,31.0,10.8,3.8,0.7,36.8,78.2,0.8,2.5,6.1,1.1,0.0,0.0
1196,76,30.0,13.4,5.6,0.0,0.0,68.3,3.0,7.5,1.0,0.7,1.5,1.0
1197,80,28.7,10.4,4.5,0.1,28.6,70.5,2.2,6.3,1.8,1.1,1.6,1.0
1198,65,27.5,10.1,4.2,0.4,32.9,65.0,1.4,4.7,1.3,0.7,0.8,1.0
1199,79,24.0,10.1,3.6,1.6,41.6,81.0,0.5,2.1,2.9,1.2,0.3,1.0
1200,64,23.0,10.7,3.8,0.0,30.0,67.1,1.4,3.4,1.1,0.9,0.2,1.0
1201,74,22.4,9.0,3.7,0.0,0.0,66.3,1.6,5.9,0.6,0.6,0.5,1.0
1202,54,20.4,6.3,2.2,0.0,0.0,65.1,2.1,5.6,0.6,0.4,0.2,0.0
1203,79,17.9,6.4,2.4,0.0,0.0,59.5,2.1,4.5,0.6,0.6,0.5,1.0
1204,69,17.7,7.5,3.2,0.0,0.0,55.3,1.2,3.4,0.7,0.4,0.2,1.0
1205,72,17.6,5.0,2.0,0.0,27.3,68.6,1.6,4.4,0.8,0.3,0.4,0.0
1206,75,17.4,4.5,1.7,0.0,0.0,70.8,1.5,4.0,0.2,0.2,1.6,1.0
1207,42,14.8,5.5,1.8,0.8,39.8,76.7,0.2,1.0,2.7,0.4,0.0,1.0
1208,79,14.6,5.3,1.9,0.3,34.6,70.2,0.4,1.7,2.9,0.7,0.3,1.0
1209,69,14.4,3.8,1.5,0.0,0.0,66.2,1.1,2.9,0.2,0.7,0.6,1.0
1210,62,14.0,4.5,1.8,0.1,14.7,70.1,0.7,1.8,1.4,0.3,0.2,0.0
1211,62,13.6,4.9,1.8,0.7,34.4,83.3,0.5,1.2,1.1,0.5,0.1,0.0
1212,51,19.8,5.1,1.7,0.8,36.4,78.6,0.3,2.2,2.5,0.8,0.1,0.0
1213,64,13.6,3.9,1.6,0.1,26.9,66.1,1.0,3.4,0.5,0.4,0.5,1.0
1214,44,13.0,6.6,2.5,0.4,32.7,65.3,0.8,1.4,1.1,0.7,0.2,0.0
1215,57,11.6,3.6,1.5,0.0,0.0,66.7,1.0,3.1,0.1,0.1,1.1,1.0
1216,53,11.5,5.6,2.4,0.0,0.0,56.0,1.1,2.2,0.4,0.2,0.2,1.0
1217,36,11.3,2.9,0.9,0.3,31.0,67.4,0.3,1.2,1.5,0.4,0.1,0.0
1218,60,9.8,4.0,1.5,0.2,26.2,81.7,0.5,1.7,0.7,0.2,0.1,1.0
1219,59,9.7,3.7,1.2,0.1,32.0,83.3,0.2,0.7,1.6,0.3,0.1,1.0
1220,57,9.6,3.2,1.2,0.0,0.0,58.8,0.9,1.9,0.4,0.2,0.1,1.0
1221,47,19.7,5.3,1.7,0.6,31.1,67.4,0.6,3.2,1.2,1.2,0.3,0.0
1222,43,9.0,2.7,1.0,0.0,20.0,59.2,0.2,1.0,1.7,0.7,0.0,1.0
1223,41,8.8,2.6,0.9,0.2,30.3,72.2,0.1,0.6,1.2,0.5,0.1,0.0
1224,61,8.1,3.1,1.0,0.0,0.0,65.6,0.7,1.8,0.2,0.3,0.2,0.0
1225,49,7.6,1.8,0.7,0.0,22.2,75.0,0.6,1.6,0.3,0.2,0.2,0.0
1226,53,7.0,2.5,1.0,0.0,0.0,56.1,0.7,1.5,0.2,0.3,0.1,0.0
1227,33,4.6,1.1,0.5,0.0,0.0,62.5,0.3,0.8,0.1,0.1,0.1,0.0
1228,70,38.3,19.9,7.3,0.1,14.8,73.2,1.8,6.4,5.0,1.8,0.9,1.0
1229,80,37.0,21.9,8.0,1.1,32.1,79.6,2.1,6.4,2.5,1.4,0.3,0.0
1230,80,37.0,21.9,8.0,1.1,32.1,79.6,2.1,6.4,2.5,1.4,0.3,1.0
1231,65,36.1,17.0,7.0,0.0,0.0,66.4,2.8,8.4,2.5,0.8,0.2,1.0
1232,63,19.0,6.0,2.5,0.0,0.0,55.1,2.3,5.8,0.7,0.3,0.4,0.0
1233,79,33.8,11.7,4.2,0.9,27.2,69.8,1.9,5.4,7.7,1.9,0.3,1.0
1234,81,31.6,14.1,5.4,0.8,29.8,75.4,1.6,4.4,1.6,0.9,0.7,1.0
1235,64,31.0,14.0,5.3,1.4,37.0,72.2,1.2,3.9,2.0,2.0,0.6,1.0
1236,78,29.7,10.0,3.9,0.0,0.0,63.5,2.5,7.3,0.5,0.4,0.8,1.0
1237,72,29.0,12.6,4.8,1.0,28.4,66.2,1.9,5.6,1.5,0.6,1.2,1.0
1238,80,28.6,13.2,5.2,0.0,25.0,63.6,2.6,7.5,1.2,0.6,1.4,1.0
1239,79,25.9,11.4,4.6,0.0,0.0,64.5,2.4,6.0,0.6,0.5,1.3,0.0
1240,78,23.1,10.4,4.0,1.5,43.6,79.2,0.9,2.6,1.3,0.6,0.3,1.0
1241,66,22.6,6.8,2.9,0.0,28.6,44.7,3.0,7.4,0.7,0.5,0.6,0.0
1242,81,22.2,8.2,2.8,0.4,31.6,73.9,0.7,2.7,4.8,0.8,0.3,1.0
1243,32,18.8,5.9,2.2,0.6,37.5,68.1,0.4,2.5,1.3,1.0,0.3,0.0
1244,67,21.8,9.2,3.1,1.0,39.2,71.4,0.8,2.8,4.3,1.1,0.1,1.0
1245,53,19.3,5.8,2.0,0.8,32.8,75.3,0.3,1.3,4.1,0.8,0.1,1.0
1246,45,18.4,6.5,2.6,0.2,39.3,68.5,0.8,2.9,2.0,0.8,0.4,1.0
1247,37,18.2,7.4,2.9,0.1,21.4,64.8,0.6,1.9,2.7,0.8,0.0,0.0
1248,64,16.1,4.7,1.9,0.0,0.0,49.2,1.5,3.4,0.5,0.6,0.6,0.0
1249,62,15.8,3.9,1.5,0.0,0.0,61.4,0.7,2.7,1.1,0.7,0.2,0.0
1250,63,15.0,6.0,2.5,0.0,16.7,83.3,0.8,2.2,1.0,0.5,0.3,1.0
1251,81,14.9,7.0,2.5,0.9,37.4,78.3,0.8,1.6,1.0,0.5,0.2,1.0
1252,55,14.7,3.5,1.3,0.3,31.4,70.0,0.2,1.1,3.2,0.7,0.0,0.0
1253,46,12.8,3.9,1.7,0.0,100.0,48.9,1.2,3.3,0.5,0.2,0.6,0.0
1254,41,12.3,3.3,1.5,0.0,0.0,44.7,1.0,2.4,1.2,0.5,0.1,1.0
1255,46,11.5,4.1,1.5,0.0,40.0,61.8,1.5,3.3,0.8,0.4,0.1,1.0
1256,49,11.3,2.4,0.8,0.2,24.3,77.5,0.2,1.0,1.9,0.4,0.1,1.0
1257,53,11.2,2.7,1.1,0.0,0.0,75.0,1.0,2.3,0.5,0.4,0.4,1.0
1258,60,11.2,3.3,1.3,0.1,26.3,67.9,0.3,1.2,1.0,0.6,0.2,0.0
1259,58,10.6,4.6,1.7,0.4,30.1,64.9,0.6,1.1,1.0,0.2,0.1,0.0
1260,59,9.9,3.5,1.3,0.0,0.0,69.4,1.0,2.6,0.6,0.2,0.1,1.0
1261,55,9.7,1.7,0.6,0.0,0.0,68.3,0.7,1.9,0.2,0.2,1.1,1.0
1262,41,9.6,4.1,1.2,0.2,36.0,68.2,0.5,1.4,0.4,0.3,0.4,0.0
1263,46,9.2,3.3,1.5,0.0,33.3,41.0,0.3,1.2,0.7,0.4,0.1,0.0
1264,42,8.1,3.0,1.1,0.1,24.0,65.3,0.4,0.8,0.4,0.3,0.1,0.0
1265,49,6.5,4.8,1.7,0.8,38.4,71.1,0.2,0.5,1.0,0.3,0.0,0.0
1266,38,6.5,3.1,1.2,0.5,31.0,66.7,0.2,0.6,1.1,0.3,0.1,0.0
1267,82,36.8,16.0,6.2,0.6,26.7,74.2,2.3,5.4,6.6,2.3,0.6,1.0
1268,79,36.7,19.2,7.1,1.1,28.4,69.9,1.4,4.5,3.4,1.1,0.2,1.0
1269,81,33.3,13.6,5.1,1.5,33.8,78.1,0.6,2.9,5.8,1.1,0.1,1.0
1270,76,32.1,17.5,7.5,0.0,0.0,53.2,4.0,9.1,3.6,1.2,2.2,1.0
1271,47,17.0,5.2,2.0,0.3,27.1,72.1,1.0,3.6,0.7,0.5,0.5,0.0
1272,82,31.2,13.5,5.3,0.0,20.0,56.9,3.4,7.6,2.0,0.7,1.4,1.0
1273,79,30.6,16.6,6.6,0.7,36.0,81.1,1.5,4.0,2.6,0.7,0.3,1.0
1274,82,26.5,10.3,4.1,0.8,33.3,73.2,0.6,2.3,4.8,1.5,0.1,1.0
1275,79,25.6,9.4,3.6,0.5,31.1,77.8,1.7,5.1,1.6,0.7,0.6,1.0
1276,71,24.8,9.6,4.1,0.0,0.0,59.6,3.1,5.8,1.4,1.4,0.4,1.0
1277,79,24.7,5.7,2.1,0.0,16.7,75.7,2.4,6.2,1.2,0.9,1.2,1.0
1278,65,24.7,12.0,5.0,0.0,4.3,77.0,1.4,2.9,1.9,1.0,0.1,1.0
1279,37,23.5,6.9,2.6,0.0,0.0,59.2,2.2,5.7,1.0,1.0,1.0,1.0
1280,81,21.9,5.8,2.4,0.0,0.0,72.9,3.7,7.5,1.2,0.8,0.4,1.0
1281,81,21.4,7.7,2.7,0.0,0.0,64.2,2.3,6.2,0.7,0.6,1.0,1.0
1282,79,19.2,8.5,3.4,0.4,29.9,82.4,0.2,1.5,1.3,0.4,0.2,1.0
1283,49,18.8,8.7,3.2,0.0,0.0,71.1,1.9,3.1,0.6,1.5,0.0,0.0
1284,79,17.8,8.1,3.0,0.4,38.0,67.2,1.1,2.9,1.3,0.8,0.6,1.0
1285,75,17.6,6.9,2.8,0.0,0.0,57.8,1.4,3.0,1.0,0.7,0.3,1.0
1286,66,17.0,6.7,2.5,0.4,29.5,84.1,0.4,2.0,2.9,0.9,0.1,1.0
1287,67,16.7,5.0,2.0,0.0,9.1,61.4,0.9,2.7,0.8,1.0,0.3,1.0
1288,23,16.0,4.2,1.7,0.0,0.0,60.0,1.3,3.5,0.7,0.6,0.1,0.0
1289,47,16.6,4.6,1.6,0.4,26.6,82.5,0.3,2.3,0.8,0.7,0.3,0.0
1290,74,15.5,5.5,2.0,0.0,0.0,67.5,1.1,3.3,0.2,0.3,0.7,0.0
1291,77,15.1,5.4,2.1,0.1,21.2,73.1,0.6,2.0,1.4,0.6,0.1,1.0
1292,51,15.0,4.8,1.9,0.0,33.3,65.7,0.9,2.6,1.2,0.7,0.3,1.0
1293,68,13.0,3.6,1.5,0.0,0.0,54.7,1.1,3.4,0.3,0.3,0.3,0.0
1294,70,12.7,4.8,1.7,0.0,8.0,83.6,0.3,1.2,0.9,0.9,0.1,1.0
1295,55,12.1,3.2,1.4,0.0,0.0,54.5,0.9,3.1,0.4,0.3,0.5,0.0
1296,64,11.9,5.3,2.0,0.4,40.4,75.3,0.4,1.1,1.2,0.4,0.1,1.0
1297,58,11.6,4.8,1.8,0.4,31.5,67.2,0.6,1.3,1.2,0.5,0.3,1.0
1298,67,10.3,3.0,1.1,0.0,0.0,61.3,1.1,2.9,0.8,0.3,0.5,1.0
1299,39,16.6,5.4,1.9,0.6,26.2,75.0,0.6,2.5,0.9,0.6,0.3,0.0
1300,60,9.0,3.1,1.1,0.2,23.4,83.0,0.2,0.7,2.1,0.6,0.1,1.0
1301,40,8.5,1.8,0.6,0.3,33.3,80.0,0.1,0.7,1.3,0.3,0.0,1.0
1302,48,8.0,3.4,1.3,0.3,50.0,82.4,0.1,0.8,1.5,0.3,0.1,1.0
1303,38,7.5,1.9,0.7,0.1,20.8,44.4,0.4,0.9,0.4,0.4,0.3,0.0
1304,53,7.2,3.0,1.1,0.3,27.9,75.9,0.5,1.7,0.5,0.3,0.1,0.0
1305,45,6.2,2.6,1.0,0.0,0.0,63.0,1.1,2.6,0.2,0.2,0.5,1.0
1306,68,5.5,1.9,0.6,0.0,33.3,73.5,0.3,0.8,0.3,0.2,0.1,0.0
1307,47,4.7,1.9,0.7,0.0,0.0,54.1,0.5,1.3,0.2,0.1,0.2,1.0
1308,81,37.9,23.4,9.0,0.0,0.0,59.2,4.2,13.9,1.9,0.7,3.5,1.0
1309,77,35.6,15.4,5.8,0.9,36.9,74.6,1.0,3.5,3.8,1.6,0.7,1.0
1310,81,34.9,18.2,6.2,0.0,10.0,83.5,2.1,8.7,2.8,1.3,1.0,1.0
1311,81,34.5,14.7,6.0,0.5,28.1,64.4,2.7,9.6,3.8,1.6,0.4,1.0
1312,78,33.9,21.0,7.3,0.0,0.0,78.1,3.4,10.3,1.0,0.3,3.5,1.0
1313,82,33.5,14.7,5.9,0.0,15.4,74.8,3.3,9.1,1.8,0.9,1.4,1.0
1314,82,32.4,15.6,6.0,0.0,25.0,71.3,2.2,7.2,1.8,1.0,0.8,1.0
1315,79,29.5,10.1,4.1,0.2,25.5,71.5,1.4,5.0,2.4,1.0,1.1,1.0
1316,72,29.0,13.5,5.1,0.0,0.0,60.2,2.7,7.4,1.3,0.5,1.1,1.0
1317,59,28.4,17.0,6.1,1.0,31.9,74.2,1.9,4.5,3.0,1.1,0.5,1.0
1318,82,27.9,9.8,4.2,0.0,0.0,65.1,2.2,6.2,1.1,0.7,0.9,1.0
1319,48,27.5,15.8,6.3,0.0,33.3,70.7,2.1,4.6,1.3,1.8,0.8,0.0
1320,71,27.2,13.8,5.0,0.8,29.3,71.7,2.0,4.1,1.6,1.1,0.7,1.0
1321,39,22.2,8.9,3.2,0.0,0.0,83.2,1.0,3.2,1.3,0.6,0.1,1.0
1322,45,22.0,8.1,3.4,0.1,23.1,72.8,0.6,2.4,3.5,0.7,0.1,1.0
1323,77,21.5,10.4,3.9,0.6,39.0,78.6,0.8,2.3,2.2,0.8,0.2,1.0
1324,74,21.3,8.0,3.1,0.1,16.7,77.2,0.7,2.6,1.6,1.0,0.2,0.0
1325,20,21.1,9.4,3.7,0.0,0.0,75.9,1.9,4.1,1.2,0.8,0.3,0.0
1326,77,20.4,9.1,3.7,0.8,33.3,72.7,1.1,2.8,1.9,0.5,0.4,1.0
1327,56,19.1,5.6,2.2,0.0,0.0,71.0,1.3,4.9,2.1,0.7,1.8,1.0
1328,73,18.9,10.3,4.0,0.0,33.3,76.2,1.0,2.0,1.0,0.5,0.1,0.0
1329,40,15.4,6.1,2.8,0.1,23.8,73.7,1.0,2.1,0.6,0.5,0.2,0.0
1330,82,18.9,6.6,2.3,0.0,0.0,70.0,2.1,5.3,1.0,0.7,0.2,1.0
1331,82,18.3,5.2,2.1,0.5,39.1,57.4,0.3,1.4,3.3,0.7,0.1,1.0
1332,50,16.3,5.4,2.2,0.1,31.6,79.6,0.3,1.1,1.7,0.4,0.1,1.0
1333,79,16.1,5.3,1.8,0.0,28.6,66.5,1.5,4.0,0.9,0.6,0.5,0.0
1334,80,15.8,4.3,1.6,0.0,14.3,79.2,0.4,1.2,2.5,0.6,0.2,0.0
1336,68,12.6,3.9,1.5,0.1,16.7,79.4,0.4,1.5,2.3,0.8,0.0,1.0
1337,43,12.1,5.4,2.2,0.0,0.0,64.3,1.5,3.8,0.3,0.3,0.4,0.0
1338,52,12.0,4.5,1.7,0.0,10.0,62.5,0.2,0.7,2.2,0.4,0.1,1.0
1339,47,11.7,4.4,1.6,0.4,33.3,67.3,0.2,0.9,1.4,0.7,0.1,1.0
